date,open,high,low,close
 10 02 2021,1769.14,1777.94,1759.04,1762.05
 09 02 2021,1749.68,1821.88,1708.49,1769.13
 08 02 2021,1611.46,1775.57,1563.89,1750.15
 07 02 2021,1676.35,1693,1490.46,1611.62
 06 02 2021,1718.95,1743.67,1642.94,1676.35
 05 02 2021,1595.53,1760.49,1591,1719.19
 04 02 2021,1664.67,1695.2,1554.44,1595.67
 03 02 2021,1511.93,1669.35,1508.39,1664.49
 02 02 2021,1374.09,1547.9,1360.28,1511.87
 01 02 2021,1312.45,1377.99,1269.99,1374.17
 31 01 2021,1378.04,1380.74,1281.12,1312.55
 30 01 2021,1379.56,1406,1326.41,1378.05
 29 01 2021,1329.44,1436.9,1285.35,1379.5
 28 01 2021,1238.93,1360,1217.23,1329.69
 27 01 2021,1366.54,1373.9,1207,1239.03
 26 01 2021,1317.6,1378.49,1244.56,1365.97
 25 01 2021,1392.19,1475,1293.69,1317.88
 24 01 2021,1233.46,1398.83,1220,1392.51
 23 01 2021,1232.61,1272.44,1195.9,1233.6
 22 01 2021,1111.98,1273.79,1042.31,1232.62
 21 01 2021,1376.72,1390,1086,1110.96
 20 01 2021,1365.36,1407.93,1235.42,1376.99
 19 01 2021,1258.52,1438.3,1251.49,1365.36
 18 01 2021,1232.5,1260.75,1182.58,1258.45
 17 01 2021,1227.83,1269.02,1165,1232.45
 16 01 2021,1168.48,1298,1151.77,1227.83
 15 01 2021,1231.89,1256.98,1069.42,1168.53
 14 01 2021,1129.79,1247.55,1086.7,1231.62
 13 01 2021,1050.36,1137.65,987.48,1129.89
 12 01 2021,1087,1150.02,1006.33,1050.16
 11 01 2021,1254.24,1260,915,1087.01
 10 01 2021,1276,1348.33,1170,1254.25
 09 01 2021,1216.72,1304.37,1171.36,1276
 08 01 2021,1224.86,1273.75,1065,1216.93
 07 01 2021,1208.75,1289,1131,1224.87
 06 01 2021,1100.16,1213,1057.26,1208.42
 05 01 2021,1041.45,1134.6,974.45,1099.56
 04 01 2021,978.33,1162.97,890,1041.43
 03 01 2021,774.44,1011.07,768.71,978.28
 02 01 2021,728.91,787.69,714.91,774.56
 01 01 2021,736.42,749,714.29,728.91
 31 12 2020,752.17,755.74,722,736.42
 30 12 2020,732,758.74,716.62,752.17
 29 12 2020,730.4,740.78,689.2,732
 28 12 2020,685.1,748.09,681.04,730.41
 27 12 2020,637.44,717.13,625,685.11
 26 12 2020,626.78,652.91,615.26,637.44
 25 12 2020,612.31,634.24,604.28,626.82
 24 12 2020,585.48,615.02,565.43,612.31
 23 12 2020,636.41,638.44,551.28,585.56
 22 12 2020,607.68,637.73,588,636.45
 21 12 2020,638.1,648,595.9,607.58
 20 12 2020,658.05,661.39,621.01,638.18
 19 12 2020,653.76,669.95,645.42,658.03
 18 12 2020,642.71,664.61,629.4,653.85
 17 12 2020,637.18,676.25,625.76,642.7
 16 12 2020,588.78,640,580.71,637.18
 15 12 2020,586.29,597.2,578.58,588.64
 14 12 2020,590.81,591.48,575.6,586.29
 13 12 2020,568.09,595,563.22,590.7
 12 12 2020,544.46,574,543.1,568.04
 11 12 2020,558.99,560.8,535.5,544.43
 10 12 2020,573.2,575.7,548.11,558.99
 09 12 2020,554.92,578.08,530.43,573.09
 08 12 2020,591.27,595,549.22,554.94
 07 12 2020,601.59,603.15,584.22,591.28
 06 12 2020,596.82,607.5,583,601.54
 05 12 2020,567.24,597.11,560.88,596.8
 04 12 2020,615.84,620,565.82,567.24
 03 12 2020,596.88,623.44,585.82,615.85
 02 12 2020,585.26,604.93,575,596.89
 01 12 2020,616.65,635.7,560,585.26
 30 11 2020,576.32,616.85,570.07,616.66
 29 11 2020,537.5,576.9,530.32,576.3
 28 11 2020,518.59,547.94,506.59,537.52
 27 11 2020,519.83,530.62,493.72,518.68
 26 11 2020,569.38,577.14,481,519.83
 25 11 2020,604.98,606,553.83,569.5
 24 11 2020,608.58,623,585,604.97
 23 11 2020,560.03,610.85,550.12,608.58
 22 11 2020,552.42,580.88,511.28,560.03
 21 11 2020,510.12,553.32,502.82,552.35
 20 11 2020,471.26,514.4,470.65,510.12
 19 11 2020,478.43,480.75,464.86,471.25
 18 11 2020,482.11,495.31,456.6,478.41
 17 11 2020,460.51,484.88,459.8,482.15
 16 11 2020,448.07,466,445.45,460.55
 15 11 2020,460.9,462.89,440.19,448.08
 14 11 2020,476.42,477.47,452,460.89
 13 11 2020,462.48,478.01,457.12,476.43
 12 11 2020,463.09,470,451.2,462.39
 11 11 2020,450.34,476.25,449.28,463.09
 10 11 2020,444.32,455,438.7,450.34
 09 11 2020,454.29,459.1,433.09,444.32
 08 11 2020,435.2,460.1,431.99,454.3
 07 11 2020,455.91,468.28,424.14,435.21
 06 11 2020,416.73,458.27,414.76,455.91
 05 11 2020,402.5,420.4,396.14,416.69
 04 11 2020,387.88,408.39,376.47,402.49
 03 11 2020,383.01,390,370.23,387.88
 02 11 2020,396.68,404.5,377.92,383.02
 01 11 2020,386.44,398.29,384.61,396.67
 31 10 2020,382.59,394.88,379.9,386.46
 30 10 2020,387.12,391.97,373.29,382.49
 29 10 2020,388.22,393.72,380.52,387.13
 28 10 2020,403.41,409.2,380.52,388.23
 27 10 2020,392.52,410.25,389.9,403.45
 26 10 2020,405.85,411.11,382.3,392.52
 25 10 2020,412.14,417.4,402.5,405.86
 24 10 2020,409.19,416.66,407,412.14
 23 10 2020,413.94,419.33,401.3,409.11
 22 10 2020,390.31,420.73,390.21,413.98
 21 10 2020,368.53,401.49,367.74,390.38
 20 10 2020,379.3,380.73,365.27,368.52
 19 10 2020,378.12,384.32,372.5,379.3
 18 10 2020,368.31,378.64,367.1,378.11
 17 10 2020,365.5,370.46,363.36,368.32
 16 10 2020,377.63,379.83,361.18,365.5
 15 10 2020,378.69,381.79,369.85,377.64
 14 10 2020,381.05,387.41,373.13,378.69
 13 10 2020,386.51,387.75,374.51,381.04
 12 10 2020,374.17,394.8,365.58,386.51
 11 10 2020,370.51,377.6,368.87,374.16
 10 10 2020,365.01,378.4,364.71,370.52
 09 10 2020,350.94,368.33,347.32,365.02
 08 10 2020,341.58,353.32,334.21,350.95
 07 10 2020,340.8,342.85,332.18,341.58
 06 10 2020,353.63,355.1,336.8,340.75
 05 10 2020,352.34,356.1,348.54,353.62
 04 10 2020,345.94,354.45,343.81,352.37
 03 10 2020,345.6,351,343.7,345.95
 02 10 2020,352.83,354.55,334.24,345.6
 01 10 2020,359.83,370.45,345.51,352.85
 30 09 2020,359.78,361.5,351.56,359.83
 29 09 2020,353.91,360.63,350.45,359.79
 28 09 2020,357.58,368.2,351.7,353.96
 27 09 2020,353.95,362.14,347.24,357.49
 26 09 2020,351.93,356.4,345.88,353.92
 25 09 2020,348.97,358,337.58,351.92
 24 09 2020,320.72,353.1,316.67,348.97
 23 09 2020,344.18,344.65,313.29,320.72
 22 09 2020,340.31,346.91,335.34,344.21
 21 09 2020,371.04,376.8,331,340.36
 20 09 2020,385.25,385.45,365,371.04
 19 09 2020,384.4,388.72,377,385.25
 18 09 2020,389.35,392.58,375.33,384.39
 17 09 2020,365.04,394.14,363.3,389.36
 16 09 2020,364.05,373.45,355,365.11
 15 09 2020,377.12,382.47,362.34,364.06
 14 09 2020,366.43,384.64,355.73,377.12
 13 09 2020,387.78,390.43,350,366.42
 12 09 2020,373.62,388.57,364.73,387.78
 11 09 2020,367.93,375.27,355.49,373.63
 10 09 2020,350.85,377.25,349.91,367.93
 09 09 2020,337.41,359,330.51,350.85
 08 09 2020,353.59,356.58,325.38,337.39
 07 09 2020,352.85,358.51,323,353.59
 06 09 2020,335.04,360,316.1,352.8
 05 09 2020,385.3,395,308.42,335.01
 04 09 2020,381.35,400.21,357,385.26
 03 09 2020,439.5,450.7,372,381.4
 02 09 2020,475.4,481.39,420,439.5
 01 09 2020,433.8,488.84,429.03,475.4
 31 08 2020,428.94,439,418.04,433.79
 30 08 2020,398.65,429.89,398.3,428.94
 29 08 2020,395.1,405.69,391.88,398.65
 28 08 2020,383.31,398,379.75,395.11
 27 08 2020,385.81,397.1,371.48,383.27
 26 08 2020,382.91,392.91,377.37,385.81
 25 08 2020,407.68,409.06,370,382.93
 24 08 2020,390.72,410.42,387.44,407.68
 23 08 2020,395.23,396.95,383.15,390.71
 22 08 2020,387.93,397.04,379.92,395.24
 21 08 2020,415.94,418.68,385.1,387.97
 20 08 2020,407.46,418.98,402.07,415.94
 19 08 2020,421.92,426.75,393.25,407.46
 18 08 2020,430.89,433.81,415,421.95
 17 08 2020,433.61,446,420.37,430.89
 16 08 2020,432.3,436.99,412.47,433.62
 15 08 2020,438.12,442.94,427.02,432.32
 14 08 2020,424.54,444.71,417.05,438.11
 13 08 2020,387.18,431.49,376.59,424.54
 12 08 2020,378.99,389.23,365.85,387.18
 11 08 2020,395.43,398.21,367,379
 10 08 2020,390.14,399.18,385.13,395.44
 09 08 2020,397.05,400,383.36,390.14
 08 08 2020,379.34,397.05,375.79,397.03
 07 08 2020,394.77,398.26,362.85,379.34
 06 08 2020,400.72,403.66,390.51,394.77
 05 08 2020,389.59,407,384.11,400.72
 04 08 2020,385.91,402.98,380.77,389.61
 03 08 2020,372.45,398,366.5,385.94
 02 08 2020,387.01,415.85,325,372.42
 01 08 2020,346.32,392.67,343.07,387
 31 07 2020,334.82,349.45,328.4,346.33
 30 07 2020,317.76,342,314.05,334.87
 29 07 2020,316.77,325,312.38,317.71
 28 07 2020,321.95,326.8,305.86,316.77
 27 07 2020,311.02,333.31,310.78,321.93
 26 07 2020,305.31,318.75,299,311
 25 07 2020,279.15,308.94,279.09,305.26
 24 07 2020,275.31,287.34,266,279.15
 23 07 2020,263.75,279.98,259.7,275.3
 22 07 2020,245.53,269.61,241.51,263.74
 21 07 2020,236,246.66,235.57,245.59
 20 07 2020,239.12,239.72,234.05,236.01
 19 07 2020,235.67,239.92,233.28,239.11
 18 07 2020,232.66,236.8,232.32,235.67
 17 07 2020,233.58,234.84,231.65,232.67
 16 07 2020,238.59,239.39,230.02,233.57
 15 07 2020,240.45,241.45,236.83,238.61
 14 07 2020,239.5,242.09,237,240.44
 13 07 2020,242.76,245.33,237.33,239.5
 12 07 2020,239.19,244,236.52,242.79
 11 07 2020,241.27,241.67,237.54,239.19
 10 07 2020,241.97,242.16,235.72,241.26
 09 07 2020,246.94,247.9,237.88,241.98
 08 07 2020,239.39,248.88,237.78,246.95
 07 07 2020,241.6,243.77,234.4,239.39
 06 07 2020,227.54,242,226.93,241.6
 05 07 2020,229.24,229.85,223.05,227.56
 04 07 2020,224.86,230.71,224.43,229.17
 03 07 2020,226.46,228.13,223.97,224.87
 02 07 2020,230.99,232.01,222.87,226.46
 01 07 2020,225.59,232.71,224.16,230.99
 30 06 2020,227.98,228.7,222.91,225.6
 29 06 2020,224.89,229.96,221.26,227.93
 28 06 2020,220.94,227.96,218.32,224.93
 27 06 2020,229.66,231.42,216,220.94
 26 06 2020,232.49,233.61,227.75,229.64
 25 06 2020,234.57,235.39,227.56,232.5
 24 06 2020,243.15,249.24,231.07,234.58
 23 06 2020,243.11,244.87,240.75,243.14
 22 06 2020,228.03,246.89,227.51,243.13
 21 06 2020,228.88,231.49,227.11,228.04
 20 06 2020,229,230.85,225.62,228.89
 19 06 2020,231.26,231.95,226.74,229
 18 06 2020,233.82,234.65,227.93,231.27
 17 06 2020,235.31,237.3,227.65,233.82
 16 06 2020,230.86,236,228.7,235.3
 15 06 2020,231.74,233.55,218.27,230.86
 14 06 2020,238.13,238.59,229.83,231.77
 13 06 2020,237.55,238.73,234.66,238.11
 12 06 2020,230.46,239.38,228.19,237.55
 11 06 2020,247.78,250.09,226.2,230.51
 10 06 2020,243.79,250.28,242,247.78
 09 06 2020,246.37,249.82,238,243.8
 08 06 2020,244.57,247.7,240.59,246.4
 07 06 2020,241.94,245.37,234.6,244.56
 06 06 2020,240.04,244.7,237.83,241.94
 05 06 2020,243.22,247.87,239.14,240.03
 04 06 2020,244.54,246.6,236,243.21
 03 06 2020,237.71,245,232.71,244.52
 02 06 2020,248.23,253.8,225,237.71
 01 06 2020,231.56,250.68,230.66,248.23
 31 05 2020,243.71,245.39,229.58,231.57
 30 05 2020,220.63,247,218.8,243.66
 29 05 2020,220.24,224.79,217.57,220.67
 28 05 2020,208.29,220.5,204.67,220.21
 27 05 2020,200.92,208.44,200.76,208.29
 26 05 2020,204.22,205,196.9,200.89
 25 05 2020,199.9,205.67,198.01,204.15
 24 05 2020,206.6,210.55,199.5,199.9
 23 05 2020,207.36,211.2,204.55,206.6
 22 05 2020,198.72,209.19,196.24,207.36
 21 05 2020,209.99,211.64,191.71,198.74
 20 05 2020,214.6,215.75,204.27,209.98
 19 05 2020,214.92,215.95,209.45,214.58
 18 05 2020,207.02,217.07,207,214.91
 17 05 2020,200.44,209.85,199.68,207
 16 05 2020,194.87,203.5,193.21,200.45
 15 05 2020,203.29,204.08,191.66,194.86
 14 05 2020,199.61,206.02,195.67,203.29
 13 05 2020,189.77,201,188.35,199.58
 12 05 2020,185.8,192.24,185.48,189.76
 11 05 2020,187.62,193.5,176,185.73
 10 05 2020,210.09,210.18,179.59,187.54
 09 05 2020,211.32,214.6,208.4,210.07
 08 05 2020,212.01,216.61,206.9,211.31
 07 05 2020,198.92,215.1,196.43,212
 06 05 2020,205.3,210.77,197.71,198.97
 05 05 2020,206.47,211.68,201,205.29
 04 05 2020,209.86,210.65,194.88,206.48
 03 05 2020,213.89,219.3,203.92,209.86
 02 05 2020,212.01,215.37,210.36,213.9
 01 05 2020,206.07,217.14,205.91,212.02
 30 04 2020,215.4,227.3,202,206.08
 29 04 2020,196.24,218.77,196.22,215.36
 28 04 2020,196.33,198.5,192.36,196.24
 27 04 2020,197.39,199.05,189.29,196.34
 26 04 2020,194.21,200,192.3,197.38
 25 04 2020,187.6,198.36,185.76,194.21
 24 04 2020,185.57,189.8,184.72,187.59
 23 04 2020,182.7,193.63,178.16,185.51
 22 04 2020,170.73,184,169.78,182.7
 21 04 2020,170.21,174.7,168,170.74
 20 04 2020,180.02,186.46,166.7,170.2
 19 04 2020,187.4,188.35,175.75,180.03
 18 04 2020,170.61,189.54,170.48,187.4
 17 04 2020,172.31,174.96,168.31,170.69
 16 04 2020,152.74,174.79,148.33,172.29
 15 04 2020,158.46,161.29,152,152.73
 14 04 2020,156.28,161.85,155.23,158.45
 13 04 2020,158.56,158.97,150,156.29
 12 04 2020,158.33,164.78,155,158.59
 11 04 2020,157.81,161.37,153.91,158.33
 10 04 2020,169.56,170.1,152.11,157.81
 09 04 2020,173.15,173.38,165.19,169.52
 08 04 2020,164.62,174.48,163.59,173.11
 07 04 2020,171.32,176.22,162.22,164.63
 06 04 2020,142.69,172,142.6,171.32
 05 04 2020,144.1,145.58,140.68,142.68
 04 04 2020,141.3,146.28,138.88,144.1
 03 04 2020,141.27,146.72,137.26,141.31
 02 04 2020,135.65,149.76,135.01,141.28
 01 04 2020,132.72,136.99,128.62,135.69
 31 03 2020,132.09,135,130.38,132.72
 30 03 2020,124.47,135.42,124.06,132.06
 29 03 2020,130.94,131.84,123.81,124.5
 28 03 2020,131.33,132.97,124.88,130.98
 27 03 2020,138.4,141.27,129.68,131.33
 26 03 2020,136.11,139.74,133.26,138.4
 25 03 2020,138.42,142.33,132.54,136.1
 24 03 2020,135.89,143.36,132.2,138.42
 23 03 2020,122.31,137.5,119.5,135.92
 22 03 2020,132.63,137.13,121.1,122.32
 21 03 2020,133.49,137.49,125.69,132.66
 20 03 2020,136.3,152.55,116.74,133.48
 19 03 2020,118.11,143.13,115.46,136.3
 18 03 2020,115.67,118.5,109.86,118.11
 17 03 2020,111.02,120.8,109.38,115.67
 16 03 2020,123.82,124.33,101.1,111.02
 15 03 2020,122.54,133.5,120.16,123.78
 14 03 2020,134.06,134.68,120,122.54
 13 03 2020,107.67,139.68,86,134.06
 12 03 2020,194.61,195.55,101.2,107.82
 11 03 2020,200.74,203.18,181.73,194.61
 10 03 2020,202.79,206.2,195.54,200.7
 09 03 2020,199.43,208.62,190,202.81
 08 03 2020,237.23,237.23,195.5,199.43
 07 03 2020,244.93,251.93,236,237.23
 06 03 2020,228.38,245.16,227.33,244.88
 05 03 2020,224.26,234.09,224.23,228.38
 04 03 2020,223.84,228.85,220.23,224.26
 03 03 2020,232.1,232.46,219.57,223.91
 02 03 2020,217.81,234.4,216.07,231.97
 01 03 2020,217.29,227.89,212.36,217.81
 29 02 2020,226.76,233,217,217.21
 28 02 2020,227.73,234.67,214.01,226.76
 27 02 2020,223.98,238.3,210,227.79
 26 02 2020,246.67,250.32,215.66,223.93
 25 02 2020,265.47,266.22,244.44,246.67
 24 02 2020,274.5,277.2,257.09,265.52
 23 02 2020,261.55,275.68,261.02,274.48
 22 02 2020,265.32,266.81,256,261.57
 21 02 2020,256.97,268.24,253.61,265.27
 20 02 2020,258.44,264.33,245.34,256.96
 19 02 2020,282.64,285,251.56,258.45
 18 02 2020,267.9,285.88,258,282.61
 17 02 2020,258.89,268.77,242,267.85
 16 02 2020,264.91,274,237.41,258.85
 15 02 2020,285.11,288.41,261.86,264.88
 14 02 2020,268.34,287.15,260.28,285.15
 13 02 2020,265.74,277.69,256.08,268.32
 12 02 2020,236.69,275.34,236.69,265.74
 11 02 2020,222.89,239.15,218.17,236.69
 10 02 2020,228.53,229.4,216.37,222.89
 09 02 2020,223.01,230.65,222.86,228.49
 08 02 2020,223.36,227.75,213.22,223.05
 07 02 2020,213.16,225,213.14,223.33
 06 02 2020,203.78,216.33,201.02,213.19
 05 02 2020,188.91,207.61,188.19,203.78
 04 02 2020,189.74,191.6,184.69,188.91
 03 02 2020,188.48,195.19,186.62,189.69
 02 02 2020,183.63,193.43,179.1,188.44
 01 02 2020,179.94,184.28,179.23,183.6
 31 01 2020,184.71,185.82,175.22,179.99
 30 01 2020,173.68,187,170.93,184.69
 29 01 2020,175.58,178.45,173.33,173.72
 28 01 2020,170.04,176.2,170.03,175.64
 27 01 2020,167.91,172.56,165.22,170.08
 26 01 2020,160.36,168.08,159.41,167.86
 25 01 2020,162.51,162.79,157.61,160.35
 24 01 2020,162.85,164.45,155.55,162.54
 23 01 2020,168.07,168.2,159.21,162.81
 22 01 2020,169.48,171.47,166.03,168.07
 21 01 2020,166.86,170.32,164.8,169.49
 20 01 2020,166.79,169.33,161.24,166.87
 19 01 2020,174.1,178.05,161.66,166.79
 18 01 2020,169.92,179.5,164.92,174.14
 17 01 2020,164.24,174.81,162.14,169.85
 16 01 2020,166.4,167.4,157.8,164.21
 15 01 2020,165.6,171.98,159.2,166.4
 14 01 2020,143.58,171.7,143.51,165.64
 13 01 2020,146.56,147,142.27,143.58
 12 01 2020,142.4,146.6,141.76,146.54
 11 01 2020,144.83,148.05,142.09,142.38
 10 01 2020,137.73,145.17,135.32,144.84
 09 01 2020,140.76,141.5,135.3,137.74
 08 01 2020,142.8,147.77,137.03,140.72
 07 01 2020,144.14,145.31,138.76,142.8
 06 01 2020,135.37,144.41,134.86,144.15
 05 01 2020,134.2,138.19,134.19,135.37
 04 01 2020,134.37,135.85,132.5,134.2
 03 01 2020,127.19,135.14,125.88,134.35
 02 01 2020,130.72,130.78,126.38,127.19
 01 01 2020,129.16,133.05,128.68,130.77
 31 12 2019,131.61,133.68,128.17,129.16
 30 12 2019,134.36,136.24,130.3,131.59
 29 12 2019,128.11,138.07,127.52,134.36
 28 12 2019,126.28,129.68,125.84,128.11
 27 12 2019,125.58,127.1,121.91,126.29
 26 12 2019,125.09,132.26,124.32,125.58
 25 12 2019,127.7,127.84,123.07,125.09
 24 12 2019,127.8,129.69,126.61,127.75
 23 12 2019,132.12,135.1,126,127.8
 22 12 2019,127,133.07,126.82,132.09
 21 12 2019,128.19,128.4,126.5,126.99
 20 12 2019,128.1,129.39,125.84,128.19
 19 12 2019,132.8,134,125.69,128.1
 18 12 2019,121.88,134.87,116.26,132.78
 17 12 2019,132.72,132.98,119.11,121.88
 16 12 2019,142.46,142.72,127.93,132.73
 15 12 2019,141.79,144.12,139.92,142.46
 14 12 2019,144.8,145.07,141.18,141.79
 13 12 2019,144.87,146,142.8,144.8
 12 12 2019,143.41,145.85,139.24,144.87
 11 12 2019,145.53,146.34,142.12,143.39
 10 12 2019,147.4,148.57,143.81,145.56
 09 12 2019,150.44,151.19,146.56,147.38
 08 12 2019,147.16,151.62,146.11,150.44
 07 12 2019,148.46,149.49,146.85,147.14
 06 12 2019,148.11,149.77,145.74,148.45
 05 12 2019,145.45,149.02,143.64,148.1
 04 12 2019,147.19,151.98,143.15,145.38
 03 12 2019,148.66,149.93,145.77,147.17
 02 12 2019,150.72,151.42,146.71,148.65
 01 12 2019,151.43,152.49,145.79,150.73
 30 11 2019,154.54,155.25,149.7,151.37
 29 11 2019,150.69,157.6,150.23,154.57
 28 11 2019,152.61,154.63,149.09,150.72
 27 11 2019,147.47,155.54,140.84,152.62
 26 11 2019,145.81,149.97,143.37,147.47
 25 11 2019,139.99,151.5,131.45,145.69
 24 11 2019,151.84,152.86,138.62,139.96
 23 11 2019,149.55,154.33,146.11,151.84
 22 11 2019,161.02,162.79,138,149.56
 21 11 2019,174.75,175.85,157.26,161.01
 20 11 2019,175.93,177.41,173.5,174.72
 19 11 2019,178.2,178.52,172.65,175.94
 18 11 2019,183.82,184.06,175.01,178.2
 17 11 2019,182.37,186.09,180,183.82
 16 11 2019,179.99,183.46,179.3,182.37
 15 11 2019,184.93,186.7,177.67,180
 14 11 2019,188.07,188.72,183.34,184.92
 13 11 2019,187.09,189.66,185.3,188.11
 12 11 2019,184.98,187.65,182.41,187.09
 11 11 2019,188.96,190.19,184.06,184.98
 10 11 2019,184.86,191.58,183.3,188.96
 09 11 2019,183.71,185.79,182.63,184.89
 08 11 2019,186.67,188.26,181.41,183.74
 07 11 2019,191.16,192.27,184.59,186.68
 06 11 2019,188.65,195.09,187.72,191.16
 05 11 2019,185.71,192.51,182.22,188.68
 04 11 2019,181.53,188.64,180.36,185.71
 03 11 2019,182.9,184.7,178.95,181.54
 02 11 2019,182.86,186,181.53,182.91
 01 11 2019,182.19,184.5,177.02,182.85
 31 10 2019,183.14,185.27,177.66,182.18
 30 10 2019,190.45,191.71,179.28,183.13
 29 10 2019,181.67,192.74,181.26,190.46
 28 10 2019,183.84,189.48,180.35,181.72
 27 10 2019,179.42,188.7,176.22,183.75
 26 10 2019,181.53,197.74,173.8,179.49
 25 10 2019,160.39,187.78,160.25,181.5
 24 10 2019,162.35,163.72,158.72,160.38
 23 10 2019,171.19,171.49,153.45,162.35
 22 10 2019,174,175.04,170.3,171.2
 21 10 2019,175.18,177.9,171.59,173.98
 20 10 2019,171.84,176.88,169.21,175.22
 19 10 2019,172.78,174.98,169.44,171.79
 18 10 2019,177.17,177.44,168.66,172.74
 17 10 2019,174.52,178.96,172.61,177.16
 16 10 2019,180.52,181.44,171.81,174.47
 15 10 2019,186.7,188.37,175.96,180.49
 14 10 2019,180.98,187.54,180.43,186.72
 13 10 2019,179.65,184.95,178.52,180.99
 12 10 2019,180.65,184.64,177.59,179.68
 11 10 2019,191.18,196.65,179.41,180.72
 10 10 2019,192.61,194.2,186.88,191.14
 09 10 2019,180.61,195.53,178.96,192.62
 08 10 2019,179.88,184.87,177,180.6
 07 10 2019,170.08,182.32,168.68,179.85
 06 10 2019,176.23,177.04,167.68,170.1
 05 10 2019,175.55,176.71,172.02,176.25
 04 10 2019,174.71,178.98,170.74,175.55
 03 10 2019,180.24,180.72,169.55,174.69
 02 10 2019,175.65,181.29,173.65,180.24
 01 10 2019,180.89,185.53,173.19,175.66
 30 09 2019,169.26,181.24,165.01,180.85
 29 09 2019,173.5,174.5,164.12,169.24
 28 09 2019,173.83,175.49,168,173.49
 27 09 2019,165.92,176.72,161.03,173.79
 26 09 2019,169.96,171.01,152.11,165.92
 25 09 2019,165.72,174.85,161.88,169.96
 24 09 2019,201.25,202.98,150.03,165.81
 23 09 2019,211.2,211.68,198.65,201.29
 22 09 2019,215.04,215.61,206.1,211.2
 21 09 2019,218.01,221.5,213.2,215.05
 20 09 2019,220.26,221.54,212.05,218.03
 19 09 2019,210.27,223.94,202.3,220.24
 18 09 2019,207.85,217.27,207.66,210.21
 17 09 2019,197.23,215.13,195.74,207.84
 16 09 2019,189.05,199.44,188.3,197.22
 15 09 2019,188.14,190.45,185.76,189.03
 14 09 2019,180.96,188.79,179.75,188.13
 13 09 2019,180.71,181.38,177.54,180.95
 12 09 2019,178.3,182.38,176.62,180.72
 11 09 2019,179.87,182.8,173,178.28
 10 09 2019,180.52,184.36,177,179.81
 09 09 2019,181.18,185.38,176.01,180.54
 08 09 2019,177.58,184.18,176.13,181.19
 07 09 2019,169.11,180.8,168.3,177.62
 06 09 2019,173.74,177.87,165,169.08
 05 09 2019,174.7,176.19,168.1,173.75
 04 09 2019,178.79,180.14,173,174.72
 03 09 2019,178,183,174.09,178.75
 02 09 2019,170.73,181,170.02,178.05
 01 09 2019,171.52,173.42,167.61,170.74
 31 08 2019,168.48,174.98,165.63,171.57
 30 08 2019,169.03,170.77,165.55,168.5
 29 08 2019,173.03,173.5,163.61,169.01
 28 08 2019,187.3,188.25,166.48,173.03
 27 08 2019,188.61,189.49,184.75,187.24
 26 08 2019,186.54,193.7,186,188.67
 25 08 2019,190.6,192.4,182.8,186.54
 24 08 2019,194.02,194.09,185.63,190.6
 23 08 2019,190.36,196.19,188.16,194.02
 22 08 2019,187.45,195.14,182.8,190.35
 21 08 2019,196.55,197.2,179.53,187.45
 20 08 2019,202.24,202.75,194.45,196.6
 19 08 2019,194.32,203.59,192.7,202.28
 18 08 2019,185.67,197.91,183.35,194.33
 17 08 2019,184.83,187,181.83,185.59
 16 08 2019,187.98,188.39,178.04,184.88
 15 08 2019,187.08,189.95,181.23,188.03
 14 08 2019,209.31,209.9,183.49,187.1
 13 08 2019,211.58,214.3,204,209.3
 12 08 2019,216.41,216.81,209.75,211.41
 11 08 2019,206.48,216.94,206.14,216.42
 10 08 2019,210.52,215,202.6,206.48
 09 08 2019,221.38,221.79,207.3,210.53
 08 08 2019,226.11,228.5,215.51,221.39
 07 08 2019,226.31,231.25,220.95,226.1
 06 08 2019,233.53,239.15,223.03,226.28
 05 08 2019,221.79,236.25,221.79,233.54
 04 08 2019,222.14,223.34,216.9,221.79
 03 08 2019,217.69,224.51,216.62,222.14
 02 08 2019,216.8,222.18,214.31,217.61
 01 08 2019,218.42,219.39,210.54,216.84
 31 07 2019,209.57,218.79,209.2,218.42
 30 07 2019,210.84,214.36,204.4,209.58
 29 07 2019,211.58,215.83,206.59,210.89
 28 07 2019,207.3,213.52,198.24,211.62
 27 07 2019,218.81,223.3,203,207.3
 26 07 2019,219.14,220,212.71,218.81
 25 07 2019,216.31,225.12,215.23,219.14
 24 07 2019,212.55,218.28,202,216.31
 23 07 2019,217.59,219.55,208.36,212.48
 22 07 2019,225.49,228.34,212.25,217.51
 21 07 2019,228.25,229.66,216.99,225.38
 20 07 2019,220.84,235.09,219.78,228.2
 19 07 2019,225.75,226.23,212.52,220.73
 18 07 2019,210.8,229.65,205.71,225.73
 17 07 2019,198.94,219.86,191.84,210.81
 16 07 2019,228.2,234.5,192.25,198.88
 15 07 2019,225.83,235.58,203.08,228.2
 14 07 2019,268.8,269.74,222.81,225.85
 13 07 2019,274.53,275.04,262.2,268.79
 12 07 2019,268.67,278.99,266.21,274.62
 11 07 2019,289.23,289.23,262.12,268.63
 10 07 2019,307.46,314.18,281.04,289.23
 09 07 2019,311.96,318.19,302.69,307.46
 08 07 2019,304.72,313.74,300.78,311.97
 07 07 2019,288.29,309.69,284.25,304.72
 06 07 2019,287.32,296.71,285.28,288.29
 05 07 2019,282.86,294.89,280.78,287.47
 04 07 2019,301.11,302.74,280.53,282.73
 03 07 2019,291.47,302.89,285,301.14
 02 07 2019,295.03,297.57,272.65,291.48
 01 07 2019,292.89,303.49,280.13,295.07
 30 06 2019,317.64,323.5,290.12,292.7
 29 06 2019,310.95,324.74,295.18,317.62
 28 06 2019,298.35,313.58,295.22,311.05
 27 06 2019,339.53,347,280.01,298.35
 26 06 2019,318.29,366.8,315.57,339.39
 25 06 2019,311.65,318.99,307,318.26
 24 06 2019,308.42,314.41,298,311.64
 23 06 2019,310.7,321.7,305.58,308.52
 22 06 2019,294.25,314.39,289.69,310.79
 21 06 2019,271.27,295.94,271.22,294.35
 20 06 2019,268.16,273.63,265.71,271.22
 19 06 2019,264.68,270,263.59,268.14
 18 06 2019,273.14,273.58,261.45,264.66
 17 06 2019,267.73,276,266.81,273.16
 16 06 2019,267.78,277.06,263.31,267.73
 15 06 2019,262.48,272.27,260.61,267.82
 14 06 2019,254.67,264.26,251.75,262.47
 13 06 2019,261.13,262.98,253.69,254.67
 12 06 2019,244.36,261.87,242.2,261.15
 11 06 2019,246.61,247.8,236.49,244.29
 10 06 2019,231.02,247.45,227.03,246.51
 09 06 2019,243.33,244.53,226.56,230.98
 08 06 2019,248.78,250.53,240.37,243.25
 07 06 2019,248.77,253.28,243.46,248.77
 06 06 2019,245.62,250.66,235.01,248.76
 05 06 2019,241.46,250.41,237.37,245.63
 04 06 2019,250.02,251.67,234.39,241.39
 03 06 2019,268.87,270,248,249.91
 02 06 2019,264.33,273.2,263.2,268.88
 01 06 2019,267.9,275.5,260.68,264.33
 31 05 2019,254.59,268.72,245.21,267.9
 30 05 2019,268.92,288.62,240.14,254.56
 29 05 2019,271.08,274.04,260.05,268.83
 28 05 2019,270.7,275.95,264.45,271.03
 27 05 2019,264.35,279.59,260,270.53
 26 05 2019,250.17,269.4,245.11,264.45
 25 05 2019,248.84,257.33,247.22,250.22
 24 05 2019,244.63,254.35,241.54,248.87
 23 05 2019,243.68,247.34,231.1,244.56
 22 05 2019,253.35,260.18,239.63,243.64
 21 05 2019,250.48,262,246.06,253.43
 20 05 2019,259.37,259.49,238,250.37
 19 05 2019,233.57,264,231.77,259.51
 18 05 2019,244.31,248,230.62,233.6
 17 05 2019,264.35,268.74,223.43,244.3
 16 05 2019,248.06,279.76,241.76,264.25
 15 05 2019,216.4,250.27,216.21,248.1
 14 05 2019,195.83,219.81,194.19,216.4
 13 05 2019,188.07,206.87,185.32,195.84
 12 05 2019,190.2,204.32,181,188.11
 11 05 2019,172.92,205.23,172.92,190.2
 10 05 2019,170.96,176.7,168.46,172.91
 09 05 2019,170.88,173.88,166.57,170.9
 08 05 2019,169.07,173.17,164.8,170.85
 07 05 2019,172.98,182.76,167.89,169.18
 06 05 2019,163.05,178.05,157.55,173
 05 05 2019,163.71,165.36,159.18,163.05
 04 05 2019,168.1,171.3,159.76,163.7
 03 05 2019,161.82,170.86,160.99,168.06
 02 05 2019,160.2,163.48,158.5,161.81
 01 05 2019,161.85,163.88,158.36,160.19
 30 04 2019,155.14,162.89,155.11,161.83
 29 04 2019,157.86,159.05,152,155.11
 28 04 2019,159.32,160.24,156.92,157.85
 27 04 2019,157.93,166.24,156.35,159.31
 26 04 2019,154.7,162.56,151.4,157.95
 25 04 2019,164.78,165.49,150.35,154.72
 24 04 2019,169.15,169.87,159.26,164.78
 23 04 2019,170.52,175.83,167.78,169.16
 22 04 2019,168.59,172.3,167,170.52
 21 04 2019,172.89,173.48,164.82,168.59
 20 04 2019,172.66,176.97,169.87,172.88
 19 04 2019,173.34,173.55,168.59,172.64
 18 04 2019,165.75,175.2,165.04,173.33
 17 04 2019,165.41,167.28,163.78,165.75
 16 04 2019,159.91,166.73,159.41,165.37
 15 04 2019,167.21,168.81,155.7,159.95
 14 04 2019,162.99,168.11,161.2,167.23
 13 04 2019,163.2,165.37,160.74,162.99
 12 04 2019,164.06,166.5,158.11,163.19
 11 04 2019,177.12,177.48,158.27,164.07
 10 04 2019,174.58,183.77,168,177.12
 09 04 2019,178.71,179.17,171.05,174.6
 08 04 2019,174.29,185.87,170.9,178.72
 07 04 2019,165.56,175.43,164.06,174.21
 06 04 2019,164.84,172.77,159.2,165.5
 05 04 2019,157.33,167.83,155.94,164.77
 04 04 2019,159.96,164,152.8,157.36
 03 04 2019,163.26,177.81,149.23,159.96
 02 04 2019,141.24,165.6,141,163.31
 01 04 2019,141.41,143.08,139.57,141.24
 31 03 2019,142.44,142.5,140.42,141.38
 30 03 2019,143.25,145.89,140.06,142.46
 29 03 2019,137.85,143.6,137.62,143.25
 28 03 2019,139.46,139.57,137.3,137.86
 27 03 2019,134.14,140.14,133.84,139.45
 26 03 2019,133.97,134.74,132.27,134.18
 25 03 2019,136.12,136.83,131.6,133.98
 24 03 2019,137.28,137.37,134.75,136.09
 23 03 2019,135.92,138.21,135.6,137.28
 22 03 2019,134.85,137.2,134.29,135.98
 21 03 2019,139.04,139.55,131.21,134.85
 20 03 2019,138.56,139.66,136.01,139.01
 19 03 2019,137.62,139.38,136.97,138.55
 18 03 2019,138.67,142.01,136.1,137.59
 17 03 2019,140.94,141.07,137.2,138.67
 16 03 2019,136.6,144.47,136.51,140.92
 15 03 2019,132.24,137.62,132.18,136.56
 14 03 2019,131.69,135.11,128.52,132.2
 13 03 2019,133.62,133.65,130.58,131.65
 12 03 2019,132.67,135.3,130.77,133.57
 11 03 2019,135.37,136.15,131,132.67
 10 03 2019,137.27,137.5,134,135.37
 09 03 2019,133.51,138.65,132.93,137.27
 08 03 2019,136.82,139.34,130.62,133.52
 07 03 2019,137.37,140.2,135.2,136.81
 06 03 2019,136.71,140.29,133.33,137.4
 05 03 2019,125.68,137.84,125.19,136.72
 04 03 2019,130.6,131.11,122.6,125.65
 03 03 2019,132.54,134.6,128.01,130.6
 02 03 2019,135.32,136.12,130.03,132.56
 01 03 2019,135.32,137.95,134.9,135.32
 28 02 2019,135.03,139,132.1,135.34
 27 02 2019,136.22,140.29,126.84,135.02
 26 02 2019,137.88,138.41,133.72,136.22
 25 02 2019,132.1,141.55,131.89,137.87
 24 02 2019,157.75,166,131.7,132.1
 23 02 2019,147.4,159.6,145.78,157.79
 22 02 2019,145.68,148.85,143.85,147.36
 21 02 2019,148.42,149.61,142.7,145.69
 20 02 2019,143.45,149.52,139.6,148.44
 19 02 2019,145.69,150,142.36,143.44
 18 02 2019,133.77,148.3,132.42,145.69
 17 02 2019,122.67,135.61,122.43,133.75
 16 02 2019,121.66,124.99,121.54,122.67
 15 02 2019,120.47,124.25,120.19,121.67
 14 02 2019,121.86,124.5,120.1,120.42
 13 02 2019,122.4,126.47,120.7,121.86
 12 02 2019,120.88,123.89,118.18,122.41
 11 02 2019,125.12,125.28,119.24,120.89
 10 02 2019,119.19,126.49,115.81,125.12
 09 02 2019,119.32,121.99,117.64,119.19
 08 02 2019,104.48,123,103.41,119.25
 07 02 2019,104.49,106.18,103.82,104.48
 06 02 2019,107.28,107.83,101.21,104.5
 05 02 2019,107.65,108.18,106.47,107.27
 04 02 2019,107.33,109.3,106.57,107.68
 03 02 2019,110.41,111.11,105.82,107.36
 02 02 2019,106.71,111.15,106.07,110.42
 01 02 2019,106.47,108.35,103.77,106.73
 31 01 2019,108.29,110.61,105.46,106.44
 30 01 2019,104.41,109.8,103.45,108.29
 29 01 2019,105.49,106.61,102.22,104.45
 28 01 2019,112.04,112.87,100.91,105.5
 27 01 2019,115.32,116.15,111.04,112.05
 26 01 2019,115.13,118,115,115.34
 25 01 2019,116.4,117.5,114.3,115.11
 24 01 2019,116.4,117.15,113.61,116.39
 23 01 2019,117.8,118.95,114.8,116.44
 22 01 2019,115.62,119.49,111.39,117.81
 21 01 2019,117.56,118.5,113.61,115.63
 20 01 2019,122.61,123.32,115.68,117.47
 19 01 2019,119.16,125.29,119.14,122.6
 18 01 2019,121.56,121.98,117.66,119.17
 17 01 2019,121.49,122.99,116.8,121.54
 16 01 2019,118.93,126.88,118.52,121.48
 15 01 2019,126.95,129.4,116,118.95
 14 01 2019,114.17,130.05,113.94,126.95
 13 01 2019,123.35,124.25,111.87,114.16
 12 01 2019,124.67,126.19,122,123.35
 11 01 2019,124.96,127.36,120.08,124.65
 10 01 2019,148.11,149.45,121,124.95
 09 01 2019,147.62,151.5,146.77,148.1
 08 01 2019,149.29,151.65,145.2,147.6
 07 01 2019,153.89,155.48,147.86,149.34
 06 01 2019,152.83,157.4,147.51,153.86
 05 01 2019,152.08,159.26,151.2,152.83
 04 01 2019,146.3,154.8,143.54,151.97
 03 01 2019,152.01,153.64,143.11,146.3
 02 01 2019,139.1,155.37,137.76,152.01
 01 01 2019,131.45,140.67,130,139.1
 31 12 2018,137.81,138.66,128.7,131.45
 30 12 2018,133,139,127.03,137.77
 29 12 2018,135.3,145.42,128.5,132.89
 28 12 2018,113.75,136.66,111.87,135.3
 27 12 2018,129.35,131.09,111.22,113.8
 26 12 2018,127.61,135.32,122.51,129.35
 25 12 2018,138.01,139.26,119.68,127.6
 24 12 2018,129.03,157.67,128.8,138.03
 23 12 2018,115.18,131.94,114.91,129.03
 22 12 2018,107.67,115.5,105.38,115.2
 21 12 2018,113.71,118,104.76,107.69
 20 12 2018,98.73,116,97.88,114.05
 19 12 2018,100.39,107.55,97.75,98.74
 18 12 2018,94.03,101.3,91.34,100.39
 17 12 2018,84.68,97,84.4,94.02
 16 12 2018,83.75,87.64,83.73,84.67
 15 12 2018,83.82,85,81.79,83.76
 14 12 2018,86.35,87.25,82.2,83.82
 13 12 2018,89.39,90.71,84.71,86.34
 12 12 2018,87.77,91.31,86.63,89.41
 11 12 2018,89.88,91.65,85.83,87.76
 10 12 2018,93.26,95.21,88.11,89.91
 09 12 2018,90.39,98.7,88.63,93.26
 08 12 2018,93.06,98,84.55,90.38
 07 12 2018,91.18,96.9,82.07,93.05
 06 12 2018,102.73,104.68,90.2,91
 05 12 2018,109.92,110.58,102.38,102.71
 04 12 2018,108.76,113.2,106,109.94
 03 12 2018,116.63,116.96,106.7,108.76
 02 12 2018,118.09,120.73,116,116.57
 01 12 2018,113.71,120.8,111.35,118.1
 30 11 2018,117.99,120.26,111.09,113.73
 29 11 2018,122.88,124,114.78,117.98
 28 11 2018,111.38,126.8,111.37,122.9
 27 11 2018,110.66,114.31,102.36,111.43
 26 11 2018,118.65,121.5,106.41,110.68
 25 11 2018,114.83,122.35,102.95,118.67
 24 11 2018,125,130.81,112.32,114.89
 23 11 2018,126.58,128.9,118.56,125.02
 22 11 2018,138.36,140.4,125.64,126.63
 21 11 2018,133.68,142.01,127.15,138.23
 20 11 2018,150.76,154.7,126.95,133.82
 19 11 2018,179.04,179.33,146.47,150.81
 18 11 2018,176.2,182.94,176.1,178.97
 17 11 2018,176.93,177.91,173.94,176.2
 16 11 2018,184.35,185,173,176.89
 15 11 2018,187.43,190,170.99,184.35
 14 11 2018,209.84,210.3,176.16,187.43
 13 11 2018,212.91,213.8,209.2,209.84
 12 11 2018,212.6,214.22,210.9,212.89
 11 11 2018,213.27,213.99,209,212.54
 10 11 2018,210.78,215.55,209.02,213.25
 09 11 2018,212.79,215.51,209.1,210.77
 08 11 2018,219.06,220.78,212.49,212.79
 07 11 2018,220.77,224.8,217.01,219.07
 06 11 2018,210.64,221.25,209.11,220.74
 05 11 2018,212.13,213.39,207.62,210.66
 04 11 2018,200.27,218.76,199,212.11
 03 11 2018,202.31,202.69,198.59,200.31
 02 11 2018,199.93,203.74,199.34,202.35
 01 11 2018,198.7,200.95,197.88,199.96
 31 10 2018,197.24,201.45,193.01,198.73
 30 10 2018,196.95,198.6,195.91,197.27
 29 10 2018,204.99,205.49,195.28,196.96
 28 10 2018,204.45,205.94,203.62,204.99
 27 10 2018,204.92,206.15,203.09,204.45
 26 10 2018,203.84,209,203,204.92
 25 10 2018,205.35,205.94,202.88,203.93
 24 10 2018,205.85,207.95,204.73,205.35
 23 10 2018,206.67,207.8,202.14,205.85
 22 10 2018,207.46,209.3,205,206.67
 21 10 2018,207.91,211.99,206.74,207.49
 20 10 2018,205.1,209.69,203.57,207.91
 19 10 2018,206.25,208,204.21,205
 18 10 2018,212.9,215.3,203.53,206.24
 17 10 2018,215.2,216.99,210,212.85
 16 10 2018,214.39,219.95,211.55,215.09
 15 10 2018,196.84,239,194.6,214.39
 14 10 2018,201.39,203.56,194.33,197.01
 13 10 2018,196.96,202.78,196.27,201.3
 12 10 2018,191.55,201.87,190.04,196.96
 11 10 2018,226.7,226.91,189.01,191.58
 10 10 2018,228.4,228.78,224.05,226.74
 09 10 2018,230.01,231.02,226.56,228.4
 08 10 2018,226.26,232.7,224.21,230.01
 07 10 2018,225.39,227.75,221.48,226.14
 06 10 2018,228.36,228.86,223.15,225.4
 05 10 2018,222.66,231.75,219.35,228.37
 04 10 2018,220.67,227.16,219.49,222.66
 03 10 2018,225.7,226.43,216.51,220.77
 02 10 2018,231.62,232.51,223.37,225.69
 01 10 2018,233.04,235.88,224.46,231.61
 30 09 2018,231.62,239,226.5,232.94
 29 09 2018,221.89,237.77,214.18,231.62
 28 09 2018,229.1,234.42,215.53,221.84
 27 09 2018,214.38,234,205.01,229.13
 26 09 2018,219.5,223.6,207.5,214.42
 25 09 2018,228.06,228.1,203.61,219.62
 24 09 2018,244.54,246.2,225.3,228.06
 23 09 2018,241.01,249.73,237,244.5
 22 09 2018,247.67,255.13,232.7,241.01
 21 09 2018,224,252.11,220.66,247.73
 20 09 2018,209.79,226.68,205.56,224
 19 09 2018,208.42,214.84,197.58,209.79
 18 09 2018,196.25,215.47,193.47,208.17
 17 09 2018,220.24,225,192.4,196.16
 16 09 2018,221.62,223.5,208.1,220.17
 15 09 2018,208.55,227.42,207.64,221.29
 14 09 2018,210.91,224.2,202.6,208.82
 13 09 2018,183.17,215,183.15,210.68
 12 09 2018,185.14,185.22,167.32,183.12
 11 09 2018,197.22,200.2,176.16,185.18
 10 09 2018,196.13,203.42,187.1,197.15
 09 09 2018,196.87,208.6,185.02,195.81
 08 09 2018,215.19,220.2,190.01,196.71
 07 09 2018,229.73,234.69,213.5,215.22
 06 09 2018,228.28,233.19,212,229.7
 05 09 2018,285.18,287.62,227,228.53
 04 09 2018,289.09,292.64,283,285.3
 03 09 2018,295.51,296.62,285.99,289.09
 02 09 2018,295.8,299.33,288.87,295.41
 01 09 2018,281.46,302,281.34,295.71
 31 08 2018,283.9,289,276.59,281.41
 30 08 2018,288.35,291,271.88,283.89
 29 08 2018,295.44,297,283.55,288.4
 28 08 2018,287.71,298,282.66,295.44
 27 08 2018,274.17,288.15,271.59,287.71
 26 08 2018,277.54,277.91,268.69,274.29
 25 08 2018,281.05,282.71,275.99,277.55
 24 08 2018,276.06,283.1,270.22,281.19
 23 08 2018,270.68,280.3,267.55,275.99
 22 08 2018,281.09,298.89,259.5,270.8
 21 08 2018,270.51,285.9,269.7,281.21
 20 08 2018,299.3,304.04,269.5,270.51
 19 08 2018,294.1,307.4,288.2,299.42
 18 08 2018,317.51,321.33,281.79,294.11
 17 08 2018,286.84,318,285,317.51
 16 08 2018,281.46,298.6,277.55,287.17
 15 08 2018,278.47,304.45,276.3,281.12
 14 08 2018,283.81,283.81,250,278.41
 13 08 2018,317.96,321.99,280.68,283.81
 12 08 2018,317.49,327.13,313.42,317.89
 11 08 2018,331.88,332.98,304.45,317.69
 10 08 2018,363.21,365.87,325.95,331.81
 09 08 2018,355.48,369.9,350.51,363.3
 08 08 2018,378.2,380.42,347.25,355.48
 07 08 2018,405.19,412.76,369.19,378.21
 06 08 2018,408.77,413.28,397.08,405.28
 05 08 2018,407.21,413.24,400.16,408.79
 04 08 2018,417.58,419.53,401.86,407.21
 03 08 2018,410.62,420.01,396.61,417.52
 02 08 2018,420.37,425.52,407.43,410.62
 01 08 2018,432.2,434.99,406.55,420.41
 31 07 2018,456.19,457.3,427,432.22
 30 07 2018,466.4,469.79,446.1,456.23
 29 07 2018,468.44,472,461.6,466.4
 28 07 2018,470.09,472,460.82,469.29
 27 07 2018,462.17,474,455.84,470.09
 26 07 2018,472.11,485,460,462.64
 25 07 2018,479.24,485.77,464,472.1
 24 07 2018,450.05,484.27,448.47,479.28
 23 07 2018,457.47,469.82,447.11,450.05
 22 07 2018,460.23,472.2,454.19,457.47
 21 07 2018,449.04,468.97,441.18,460.23
 20 07 2018,468.7,471.02,440,449.04
 19 07 2018,479.4,484.15,462.57,468.57
 18 07 2018,498.89,515.47,468.01,479.41
 17 07 2018,478.49,512,465.29,498.76
 16 07 2018,449.79,480.57,444.03,478.49
 15 07 2018,433.2,455,430.52,449.78
 14 07 2018,432.43,440,428.26,433.19
 13 07 2018,431.14,442.47,424.62,432.46
 12 07 2018,444.99,445.36,416.94,431.14
 11 07 2018,432.55,452.69,424.2,444.99
 10 07 2018,471.73,473.23,427.69,432.48
 09 07 2018,486.55,488.98,468.2,471.71
 08 07 2018,485.57,495.98,482.05,486.77
 07 07 2018,470.48,487.99,461.5,485.57
 06 07 2018,467.79,476,451.29,470.47
 05 07 2018,467.19,480,458.8,467.87
 04 07 2018,461.78,482.7,458.02,467.38
 03 07 2018,476.32,486.98,457,461.82
 02 07 2018,452.14,481.83,444.16,476.25
 01 07 2018,454.2,457.77,443.73,452.1
 30 06 2018,434.77,463.15,434.51,454.09
 29 06 2018,420.48,442,404.48,434.77
 28 06 2018,441.36,443.96,416.45,420.22
 27 06 2018,429.81,445.95,420.19,441.64
 26 06 2018,459.04,460.81,429,429.34
 25 06 2018,454.29,474.47,444.37,458.7
 24 06 2018,473.4,475.81,419.53,454.41
 23 06 2018,462.4,481,455,473.41
 22 06 2018,526.32,526.44,450,462.09
 21 06 2018,536.34,544.98,521.11,526.18
 20 06 2018,537.68,542.02,515.08,536.49
 19 06 2018,517.77,548.2,510.01,537.97
 18 06 2018,497.15,524.48,487.27,517.95
 17 06 2018,496.45,507.6,492.7,497.14
 16 06 2018,487.47,503.28,483.72,496.74
 15 06 2018,519.3,521,481.62,487.48
 14 06 2018,475.47,529,460,519.29
 13 06 2018,493,501.97,449.06,475.47
 12 06 2018,531.08,538.88,482,493
 11 06 2018,524.64,535.51,508.66,531.69
 10 06 2018,592.44,592.87,501.13,524.11
 09 06 2018,599.29,608.97,591,592.87
 08 06 2018,605.2,608.45,593.33,598.68
 07 06 2018,606.68,618,598.24,605.16
 06 06 2018,609.29,613.35,593.4,607.4
 05 06 2018,591.02,614,570.36,609.05
 04 06 2018,619.66,625.47,580.15,591.02
 03 06 2018,590.85,628.81,590.1,619.66
 02 06 2018,579,599.17,572.9,590.85
 01 06 2018,577.81,590.26,564.93,579
 31 05 2018,557.87,586.73,552.98,577.81
 30 05 2018,567.09,585.83,541.2,557.19
 29 05 2018,511.5,573.43,510,567.36
 28 05 2018,570.81,576.2,506.11,511.5
 27 05 2018,586.03,592,557.43,570.4
 26 05 2018,585.56,607.62,578.32,586
 25 05 2018,602.08,617.46,568.7,585.55
 24 05 2018,577.19,612.1,550,602.18
 23 05 2018,640.86,669,560,577.19
 22 05 2018,697.1,699.6,637.32,640.99
 21 05 2018,716.16,720.46,688,696.7
 20 05 2018,697,729.88,688.4,716.16
 19 05 2018,693.26,717.8,682.31,697
 18 05 2018,667.62,694.9,656,692.6
 17 05 2018,706.8,719.25,662,667.62
 16 05 2018,704.91,712.84,673.52,706.29
 15 05 2018,727.49,740,695,704.91
 14 05 2018,729.08,743.9,686,727.49
 13 05 2018,684.56,742,666.31,729.08
 12 05 2018,676.96,690.2,633.2,684.11
 11 05 2018,722.52,737.23,663,676.96
 10 05 2018,752.4,769.88,720,722.52
 09 05 2018,748.99,760.74,710.26,751.75
 08 05 2018,753,777,720.02,748.99
 07 05 2018,794.3,799.14,701,752.49
 06 05 2018,819.5,839.99,752.49,794.3
 05 05 2018,785.8,832.66,781.56,819.5
 04 05 2018,779,810,756.91,785.99
 03 05 2018,688.55,792.08,685.39,779
 02 05 2018,671.99,691.99,663,688.56
 01 05 2018,670.78,675.6,627.58,672
 30 04 2018,690.85,695.3,662.2,670.78
 29 04 2018,683.5,700.49,665.28,690.85
 28 04 2018,643.41,694.9,638.76,682.86
 27 04 2018,661.51,686.82,635.73,643.46
 26 04 2018,617.73,666.19,600,661.51
 25 04 2018,701.16,703.3,593.83,618
 24 04 2018,644.58,712.99,643.76,701.58
 23 04 2018,620.67,649.11,618.02,645.09
 22 04 2018,604.87,643.49,589,620.92
 21 04 2018,616.8,624.5,570.23,604.87
 20 04 2018,568.14,622.17,556.5,617.09
 19 04 2018,526.49,571.61,521.03,568.14
 18 04 2018,502.56,526.99,501.12,526.09
 17 04 2018,512.09,521.2,500.02,502.56
 16 04 2018,533.88,538,497.31,511.46
 15 04 2018,502.68,535,502.51,533.88
 14 04 2018,494.69,515,485.58,502.68
 13 04 2018,494.3,530,480.22,495.11
 12 04 2018,429.9,499,412.88,495.67
 11 04 2018,415.53,433.54,410.38,429.52
 10 04 2018,399.25,418.68,391.4,416.07
 09 04 2018,400.4,431.99,387.1,399.44
 08 04 2018,384.51,404.05,384,400.4
 07 04 2018,368.89,394.75,368.28,384.51
 06 04 2018,381.56,385.91,362.54,368.89
 05 04 2018,378.15,387.03,365.61,381.22
 04 04 2018,415,416.5,370,378.16
 03 04 2018,385,419.08,380.13,415.01
 02 04 2018,378.58,394.87,375,385.05
 01 04 2018,393.93,399.91,356.9,378.58
 31 03 2018,392.4,419.4,388.52,393.92
 30 03 2018,383.87,412.04,366,392.43
 29 03 2018,446.07,449.43,380,384
 28 03 2018,448.5,466,440.14,446.67
 27 03 2018,485,491.55,446,448.5
 26 03 2018,523.95,527.67,465.56,485
 25 03 2018,521.17,536,512,523.74
 24 03 2018,543.2,545.99,518.63,520.22
 23 03 2018,539.78,544.72,506.71,543.03
 22 03 2018,559.15,578.6,516,539.92
 21 03 2018,557,590.52,545.11,559.17
 20 03 2018,556.88,567.87,515,557
 19 03 2018,537.39,560,515.8,556.88
 18 03 2018,547.98,560,450,537
 17 03 2018,599.03,609.26,544,546.95
 16 03 2018,608.83,625.3,584.15,599.05
 15 03 2018,610.1,621.12,570,608.83
 14 03 2018,690.16,703.54,585,610.1
 13 03 2018,696.52,713.76,680,689.94
 12 03 2018,721,740.5,676.31,697.11
 11 03 2018,680.58,735,659.15,720.85
 10 03 2018,723.65,745,673.06,680.58
 09 03 2018,695.48,727.92,640,723.71
 08 03 2018,749.02,772.07,684,695.46
 07 03 2018,813.31,826.2,718.4,749.9
 06 03 2018,849.81,853.18,803.01,813.11
 05 03 2018,866.61,871.75,847.2,849.84
 04 03 2018,856.51,868,836.24,866.66
 03 03 2018,856.27,870.78,852.3,856.02
 02 03 2018,870.63,876.22,850,856.28
 01 03 2018,853.5,879.96,848.65,870.63
 28 02 2018,871.84,891,850.3,853.5
 27 02 2018,867.98,897.49,860.69,870.11
 26 02 2018,841.46,882,833,867.98
 25 02 2018,833.92,849.5,813.18,841.19
 24 02 2018,851.59,875,805,833.94
 23 02 2018,801.47,885,785.99,851.6
 22 02 2018,836.35,871.96,786.6,801.49
 21 02 2018,882.99,908.88,812.87,835.89
 20 02 2018,939.17,961,873,882.99
 19 02 2018,911,956.22,906.04,938.11
 18 02 2018,969.99,978.5,897,911
 17 02 2018,938.6,974,933.48,969.99
 16 02 2018,924.55,948.48,901.36,938.67
 15 02 2018,919.09,946.66,895.59,924.55
 14 02 2018,841.57,924.99,841.3,919.09
 13 02 2018,866.39,871,820,841.57
 12 02 2018,808.58,877.56,807.46,866.66
 11 02 2018,851.15,857,768.28,808.99
 10 02 2018,876.3,911.2,800,851.15
 09 02 2018,781.66,882.2,781.66,877
 08 02 2018,753.19,786.93,751,781.66
 07 02 2018,779.99,849,714.18,754
 06 02 2018,697.93,798,570.1,779.25
 05 02 2018,821.6,862.47,634.94,697.92
 04 02 2018,971,975,789,823.56
 03 02 2018,923.67,998,851,971
 02 02 2018,1041.89,1047.2,783.67,922.3
 01 02 2018,1125.96,1164.99,981,1041.94
 31 01 2018,1084.63,1135,1029,1124.81
 30 01 2018,1177.01,1186.85,1051,1085.5
 29 01 2018,1251.96,1258.89,1161.65,1177.01
 28 01 2018,1118.99,1277,1112,1251.96
 27 01 2018,1051.03,1127.99,1032.2,1118.99
 26 01 2018,1055.29,1082,986,1051.03
 25 01 2018,1060.34,1115,1030.26,1056.52
 24 01 2018,981.2,1074,953.09,1061
 23 01 2018,993,1030,909,980
 22 01 2018,1049,1090.15,908,993
 21 01 2018,1150.37,1152.69,998,1049
 20 01 2018,1032.5,1165.4,1031,1152.75
 19 01 2018,993.3,1079,941,1032.5
 18 01 2018,1000,1075.2,924.21,994
 17 01 2018,999.99,1075.51,755,1000
 16 01 2018,1268.67,1275.01,780,1000
 15 01 2018,1347.99,1383.13,1258.12,1271
 14 01 2018,1388.1,1391.89,1220.89,1347
 13 01 2018,1253.87,1427.01,1252,1388.02
 12 01 2018,1136.45,1288.5,1069.01,1253.87
 11 01 2018,1249.03,1332.49,1021,1138.93
 10 01 2018,1291,1440,1201.1,1247
 09 01 2018,1133.18,1326.5,1104.85,1291
 08 01 2018,1123.09,1239.18,910,1133.18
 07 01 2018,1003.71,1125,999.9,1123.09
 06 01 2018,958,1017.56,950,1004.11
 05 01 2018,940,1045,930,959.3
 04 01 2018,934.03,1009.72,890.01,940
 03 01 2018,855.13,950.01,810,934.03
 02 01 2018,754.99,899.5,749.06,855.28
 01 01 2018,733.01,763.55,716.8,754.99
 31 12 2017,680.01,740,672.86,733.98
 30 12 2017,732.9,735,635.82,681.06
 29 12 2017,709.5,757.87,703,733.99
 28 12 2017,739.89,744.93,645.88,707.89
 27 12 2017,750,766.05,693.18,739.89
 26 12 2017,713.12,750,712.56,750
 25 12 2017,659.4,744,599.99,714.95
 24 12 2017,640.33,667.64,563.49,658
 23 12 2017,635.15,714.99,627.97,640.34
 22 12 2017,784,796,504.99,635.97
 21 12 2017,794.62,845.99,705.98,782.41
 20 12 2017,798,828,661,790.21
 19 12 2017,784,864.9,729.01,798
 18 12 2017,707.62,798.88,638,784
 17 12 2017,707.64,798.88,638,784
 16 12 2017,682.81,728,680.33,707.64
 15 12 2017,674.95,712,669.22,682.81
 14 12 2017,679.76,689,594.6,674.95
 13 12 2017,683.99,747.6,630.5,679.76
 12 12 2017,620,705.69,539.93,683.99
 11 12 2017,508.7,639.27,494.89,620
 10 12 2017,427.35,512,427.35,508.7
 09 12 2017,460,460.05,403.2,427.35
 08 12 2017,442.56,488,426.4,460
 07 12 2017,406.33,456.78,390,442.56
 6 12 2017,411.01,427.61,375.01,406.33
 5 12 2017,452.26,455.1,400,411.01
 4 12 2017,466.67,468.67,445.21,452.26
 3 12 2017,460.3,470.98,445,466.67
 2 12 2017,457.63,485.9,440.11,460.3
 1 12 2017,457.51,471.91,445,457.63
