Date,Open,High,Low,Close
10 02 2021,46420.42,46557.24,46052.52,46229.1
9 02 2021,46374.86,48142.19,44961.09,46420.42
8 02 2021,38795.69,46794.45,37988.89,46374.87
7 02 2021,39181.01,39700,37351,38795.69
6 02 2021,38289.32,40955.51,38215.94,39186.94
5 02 2021,36936.65,38310.12,36570,38290.24
4 02 2021,37620.26,38708.27,36161.95,36936.66
3 02 2021,35472.71,37662.63,35362.38,37618.87
2 02 2021,33517.09,35984.33,33418,35466.24
1 02 2021,33092.97,34717.27,32296.16,33526.37
31 01 2021,34262.89,34342.69,32171.67,33092.98
30 01 2021,34246.28,34933,32825,34262.88
29 01 2021,33368.18,38531.9,31915.4,34252.2
28 01 2021,30362.19,33783.98,29842.1,33364.86
27 01 2021,32464.01,32557.29,29241.72,30366.15
26 01 2021,32254.19,32921.88,30837.37,32467.77
25 01 2021,32259.45,34875,31910,32254.2
24 01 2021,32078,33071,30900,32259.9
23 01 2021,32950,33456,31390.16,32078
22 01 2021,30851.99,33826.53,28850,32945.17
21 01 2021,35468.23,35600,30071,30850.13
20 01 2021,35901.94,36415.31,33400,35468.23
19 01 2021,36622.46,37850,35844.06,35891.49
18 01 2021,35824.99,37469.83,34800,36631.27
17 01 2021,35994.98,36852.5,33850,35828.61
16 01 2021,36737.43,37950,35357.8,35994.98
15 01 2021,39145.21,39747.76,34408,36742.22
14 01 2021,37371.38,40100,36701.23,39144.5
13 01 2021,34049.15,37850,32380,37371.38
12 01 2021,35410.37,36628,32531,34051.24
11 01 2021,38150.02,38264.74,30420,35404.47
10 01 2021,40088.22,41350,35111.11,38150.02
9 01 2021,40586.96,41380,38720,40088.22
8 01 2021,39432.48,41950,36500,40582.81
7 01 2021,36769.36,40365,36300,39432.28
6 01 2021,33949.53,36939.21,33288,36769.36
5 01 2021,31989.75,34360,29900,33949.53
4 01 2021,33000.05,33600,28130,31988.71
3 01 2021,32176.45,34778.11,31962.99,33000.05
2 01 2021,29331.7,33300,28946.53,32178.33
1 01 2021,28923.63,29600,28624.57,29331.69
31 12 2020,28875.55,29300,27850,28923.63
30 12 2020,27385,28996,27320,28875.54
29 12 2020,27079.42,27410,25880,27385
28 12 2020,26281.54,27500,26101,27079.41
27 12 2020,26493.4,28422,25700,26281.66
26 12 2020,24712.47,26867.03,24500,26493.39
25 12 2020,23728.99,24789.86,23433.6,24712.47
24 12 2020,23232.39,23794.43,22703.42,23729.2
23 12 2020,23810.79,24100,22600,23232.76
22 12 2020,22719.88,23837.1,22353.4,23810.79
21 12 2020,23455.54,24102.77,21815,22719.71
20 12 2020,23821.6,24295,23060,23455.52
19 12 2020,23107.39,24171.47,22750,23821.61
18 12 2020,22797.15,23285.18,22350,23107.39
17 12 2020,21335.52,23800,21230,22797.16
16 12 2020,19426.43,21560,19278.6,21335.52
15 12 2020,19273.69,19570,19050,19426.43
14 12 2020,19174.99,19349,19000,19273.14
13 12 2020,18808.69,19411,18711.12,19174.99
12 12 2020,18036.53,18948.66,18020.7,18808.69
11 12 2020,18254.81,18292.73,17572.33,18036.53
10 12 2020,18541.29,18557.32,17911.12,18254.63
9 12 2020,18324.11,18639.57,17650,18541.28
8 12 2020,19166.9,19294.84,18200,18324.11
7 12 2020,19358.67,19420.91,18902.88,19166.9
6 12 2020,19147.66,19420,18857,19359.4
5 12 2020,18650.51,19177,18500,19147.66
4 12 2020,19422.34,19527,18565.31,18650.52
3 12 2020,19204.08,19598,18867.2,19421.9
2 12 2020,18764.96,19342,18330,19204.09
1 12 2020,19695.87,19888,18001.12,18764.96
30 11 2020,18185,19863.16,18184.99,19695.87
29 11 2020,17719.84,18360.05,17517,18184.99
28 11 2020,17139.53,17880.49,16865.56,17719.85
27 11 2020,17149.47,17457.62,16438.08,17139.52
26 11 2020,18718.83,18915.03,16188,17149.47
25 11 2020,19160,19484.21,18500.27,18719.11
24 11 2020,18368.01,19418.97,18018,19160.01
23 11 2020,18413.88,18766,18000,18368
22 11 2020,18703.8,18750,17610.86,18414.43
21 11 2020,18655.66,18965.9,18308.58,18703.8
20 11 2020,17802.81,18815.22,17740.04,18655.67
19 11 2020,17777.75,18179.8,17335.65,17802.82
18 11 2020,17659.38,18476.93,17214.45,17776.12
17 11 2020,16713.08,17858.82,16538,17659.38
16 11 2020,15957,16880,15864,16713.57
15 11 2020,16069.56,16180,15774.72,15957
14 11 2020,16320.04,16326.99,15670,16070.45
13 11 2020,16291.85,16480,15952.35,16320.7
12 11 2020,15684.25,16340.7,15440.64,16291.86
11 11 2020,15297.21,15965,15272.68,15684.24
10 11 2020,15328.41,15460,15072.46,15297.21
9 11 2020,15475.1,15840,14805.54,15328.41
8 11 2020,14818.3,15650,14703.88,15475.1
7 11 2020,15579.93,15753.52,14344.22,14818.3
6 11 2020,15590.02,15960,15166,15579.92
5 11 2020,14144.01,15750,14093.56,15590.02
4 11 2020,14023.53,14259,13525,14144.01
3 11 2020,13549.63,14066.11,13284.99,14023.53
2 11 2020,13761.49,13830,13195.05,13549.37
1 11 2020,13791,13895,13603,13761.5
31 10 2020,13560.1,14100,13411.5,13791
30 10 2020,13455.69,13669.98,13115,13560.1
29 10 2020,13266.4,13642.91,12920.77,13455.7
28 10 2020,13636.16,13859.48,12888,13266.4
27 10 2020,13052.15,13789.29,13019.87,13636.17
26 10 2020,13029.64,13238.81,12765,13052.19
25 10 2020,13111.73,13350,12888,13028.83
24 10 2020,12923.06,13166.73,12870,13111.73
23 10 2020,12968.84,13027.69,12720.08,12923.07
22 10 2020,12780.75,13185,12678.08,12968.52
21 10 2020,11910,13217.68,11886.95,12780.96
20 10 2020,11751.46,12038.38,11677.59,11909.99
19 10 2020,11503.14,11823.99,11407.96,11751.47
18 10 2020,11360.31,11505,11346.22,11503.14
17 10 2020,11319.24,11402.42,11255,11360.2
16 10 2020,11505.13,11541.15,11200,11319.32
15 10 2020,11417.89,11617.34,11250.83,11505.12
14 10 2020,11420.57,11547.98,11280,11417.89
13 10 2020,11528.24,11557,11300,11420.56
12 10 2020,11369.02,11720.01,11172,11528.25
11 10 2020,11293.22,11445,11221,11369.02
10 10 2020,11050.64,11491,11050.51,11293.22
9 10 2020,10925.44,11104.64,10829,11050.64
8 10 2020,10666.4,10950,10530.41,10925.57
7 10 2020,10599.65,10681.87,10546.17,10666.39
6 10 2020,10792.2,10800,10525,10599.66
5 10 2020,10666.62,10798,10615.64,10792.21
4 10 2020,10542.07,10696.87,10517.87,10666.63
3 10 2020,10570.4,10603.56,10496.46,10542.06
2 10 2020,10619.13,10664.64,10374,10570.4
1 10 2020,10776.59,10920,10437,10619.13
30 09 2020,10840.58,10849.34,10665.13,10776.59
29 09 2020,10696.11,10867.54,10635.87,10840.48
28 09 2020,10774.26,10950,10626,10696.12
27 09 2020,10728.59,10799,10594.82,10774.25
26 09 2020,10686.57,10820.94,10644.68,10728.6
25 09 2020,10736.33,10760.53,10556.24,10686.67
24 09 2020,10241.46,10795.24,10190.93,10736.32
23 09 2020,10529.61,10537.15,10136.82,10241.46
22 09 2020,10417.22,10572.71,10353,10529.61
21 09 2020,10920.28,10988.86,10296.35,10417.22
20 09 2020,11080.64,11080.64,10723,10920.28
19 09 2020,10933.4,11179.79,10887.37,11080.65
18 09 2020,10940,11038.03,10812.84,10933.39
17 09 2020,10954.01,11045.46,10745.83,10939.99
16 09 2020,10785.23,11093,10661.22,10954.01
15 09 2020,10671.77,10930.04,10606.48,10785.31
14 09 2020,10332.84,10750,10212.34,10671.77
13 09 2020,10440.67,10580.11,10200,10332.83
12 09 2020,10387.89,10477.97,10269.25,10440.92
11 09 2020,10336.86,10397.6,10200,10387.89
10 09 2020,10219.29,10483.35,10070.83,10336.87
9 09 2020,10126.66,10343,9981.01,10219.2
8 09 2020,10373.45,10438,9850,10126.65
7 09 2020,10255.89,10410.75,9875,10373.44
6 09 2020,10166.69,10347.14,9994.86,10256.2
5 09 2020,10446.25,10565.68,9825,10166.69
4 09 2020,10138.29,10627.05,9875.5,10446.25
3 09 2020,11388.54,11462.6,9960.8,10140.85
2 09 2020,11921.97,11954.57,11160.1,11388.54
1 09 2020,11649.51,12050.85,11515,11921.97
31 08 2020,11711.17,11800.77,11570,11649.51
30 08 2020,11465.84,11719,11458,11711.16
29 08 2020,11526.9,11580.02,11417.04,11465.84
28 08 2020,11330.38,11542.65,11276.89,11526.91
27 08 2020,11461.42,11592.2,11125,11330.38
26 08 2020,11318.42,11539.32,11244,11461.43
25 08 2020,11748.19,11767.85,11117.64,11318.42
24 08 2020,11648.12,11824.9,11585.09,11748.2
23 08 2020,11663.51,11718.07,11514.13,11648.13
22 08 2020,11531.23,11686,11376.81,11662.96
21 08 2020,11853.54,11878,11485.81,11531.34
20 08 2020,11754.38,11888,11668,11853.55
19 08 2020,11945.1,12020.08,11561,11754.59
18 08 2020,12281.15,12387.77,11817.93,11945.01
17 08 2020,11910.99,12468,11769.78,12281.13
16 08 2020,11852.4,11931.72,11686,11911
15 08 2020,11760.55,11980,11680,11852.4
14 08 2020,11779.77,11850,11634.03,11760.54
13 08 2020,11564.34,11792.96,11270.36,11780
12 08 2020,11392.09,11617.52,11150,11564.33
11 08 2020,11892.9,11935,11125,11392.08
10 08 2020,11681.69,12067.35,11450,11892.92
9 08 2020,11761.02,11797.11,11521.97,11681.68
8 08 2020,11594.36,11808.27,11512,11761.41
7 08 2020,11762.47,11909.94,11322,11594.23
6 08 2020,11744.91,11900,11562.5,11762.46
5 08 2020,11191.99,11780.93,11093,11744.91
4 08 2020,11219.68,11414.98,11000,11191.97
3 08 2020,11071.36,11473,10936,11219.81
2 08 2020,11801.17,12123.46,10518.5,11071.35
1 08 2020,11335.46,11861,11220,11801.17
31 07 2020,11099.79,11444,10960,11335.46
30 07 2020,11100.52,11170,10831,11099.61
29 07 2020,10906.27,11342.82,10812,11100.53
28 07 2020,11029.96,11242.23,10565,10906.27
27 07 2020,9931.54,11394.86,9917.21,11029.96
26 07 2020,9700.42,10111,9650,9931.54
25 07 2020,9538.1,9732.9,9513,9700.42
24 07 2020,9603.27,9637,9463.44,9537.8
23 07 2020,9518.16,9664,9440.33,9603.27
22 07 2020,9390,9544,9261,9518.16
21 07 2020,9160.78,9437.73,9152.8,9390
20 07 2020,9208.99,9221.52,9131,9160.78
19 07 2020,9170.3,9232.27,9101.35,9208.99
18 07 2020,9154.31,9219.3,9121.1,9170.28
17 07 2020,9133.72,9186.83,9089.81,9154.32
16 07 2020,9197.6,9226.15,9047.25,9133.72
15 07 2020,9255.85,9276.49,9160.57,9197.6
14 07 2020,9242.61,9279.54,9113,9255.85
13 07 2020,9303.31,9343.82,9200.89,9242.62
12 07 2020,9234.02,9345,9157.5,9302.75
11 07 2020,9288.34,9299.28,9178.25,9234.03
10 07 2020,9232.42,9317.48,9125,9288.34
9 07 2020,9436.06,9440.79,9160,9232.43
8 07 2020,9257.4,9470,9231,9436.06
7 07 2020,9342.47,9379.42,9203,9257.39
6 07 2020,9069.41,9375,9055.92,9344.2
5 07 2020,9135,9145.24,8893.03,9069.41
4 07 2020,9057.79,9190,9040.04,9135.46
3 07 2020,9086.54,9125,9037.47,9058.26
2 07 2020,9231.99,9261.96,8940,9086.54
1 07 2020,9138.08,9292,9080.1,9232
30 06 2020,9192.93,9205,9064.89,9138.55
29 06 2020,9116.16,9238,9024.67,9192.56
28 06 2020,9012,9191,8948.06,9116.35
27 06 2020,9162.21,9196.24,8833,9012
26 06 2020,9249.49,9298,9045.45,9162.21
25 06 2020,9298.33,9340,9009.69,9249.49
24 06 2020,9624.33,9670,9208,9296.49
23 06 2020,9685.69,9720,9577.03,9624.89
22 06 2020,9294.69,9780,9277.09,9685.69
21 06 2020,9358.95,9422,9281.54,9294.69
20 06 2020,9310.23,9395,9170.95,9358.95
19 06 2020,9386.32,9438.3,9215.79,9310.23
18 06 2020,9465.13,9489,9280,9386.32
17 06 2020,9526.97,9565,9236.61,9465.14
16 06 2020,9426.05,9589,9373.09,9525.59
15 06 2020,9342.1,9495,8910.45,9426.02
14 06 2020,9473.34,9480.99,9245,9342.1
13 06 2020,9464.96,9494.73,9351,9473.34
12 06 2020,9278.88,9557.12,9232.51,9465.13
11 06 2020,9885.22,9964,9113,9280.4
10 06 2020,9772.44,9992.72,9704.18,9885
9 06 2020,9782,9877,9570,9772.43
8 06 2020,9746.99,9800,9633,9782.01
7 06 2020,9666.85,9802,9372.46,9746.99
6 06 2020,9621.17,9735,9531.05,9666.3
5 06 2020,9788.14,9854.75,9581,9621.16
4 06 2020,9666.32,9881.63,9450,9789.06
3 06 2020,9518.02,9690,9365.21,9666.24
2 06 2020,10202.71,10228.99,9266,9518.04
1 06 2020,9448.27,10380,9421.67,10200.77
31 05 2020,9697.72,9700,9381.41,9448.27
30 05 2020,9426.6,9740,9331.23,9697.72
29 05 2020,9575.87,9605.26,9330,9427.07
28 05 2020,9204.07,9625.47,9110,9575.89
27 05 2020,8841,9225,8811.73,9204.07
26 05 2020,8900.35,9017.67,8700,8841.18
25 05 2020,8718.14,8979.66,8642.72,8900.35
24 05 2020,9179.01,9298,8700,8720.34
23 05 2020,9170,9307.85,9070,9179.15
22 05 2020,9067.51,9271,8933.52,9170
21 05 2020,9511.43,9578.47,8815,9068.65
20 05 2020,9775.13,9842,9326,9511.43
19 05 2020,9733.93,9897.21,9474,9775.53
18 05 2020,9681.11,9950,9464.23,9733.93
17 05 2020,9380.81,9888,9322.1,9680.04
16 05 2020,9315.96,9588,9220,9381.27
15 05 2020,9791.97,9845.62,9150,9316.42
14 05 2020,9309.35,9939,9256.76,9791.98
13 05 2020,8810.99,9398,8792.99,9309.37
12 05 2020,8562.04,8978.26,8528.78,8810.79
11 05 2020,8722.77,9168,8200,8561.52
10 05 2020,9539.1,9574.83,8117,8722.77
9 05 2020,9800.02,9914.25,9520,9539.4
8 05 2020,9986.3,10035.96,9705,9800.01
7 05 2020,9143.4,10067,9021,9986.4
6 05 2020,9021.36,9395,8906.21,9142.92
5 05 2020,8871.92,9118.58,8760,9021.83
4 05 2020,8894.15,8950,8522,8871.96
3 05 2020,8972.58,9200,8712,8894.16
2 05 2020,8825.67,9010,8753,8972.05
1 05 2020,8620,9059.18,8613.56,8826.96
30 04 2020,8778.58,9460,8401,8620
29 04 2020,7738.58,8952.89,7710.05,8778.57
28 04 2020,7773.51,7780,7659.12,7738.98
27 04 2020,7693.1,7792.02,7606,7774.62
26 04 2020,7539.03,7700,7480,7693.1
25 04 2020,7505,7705,7431.07,7538.67
24 04 2020,7483.96,7615.96,7388,7505
23 04 2020,7125.12,7738,7020,7482.39
22 04 2020,6841.36,7156.38,6818,7125.14
21 04 2020,6828.98,6940,6762,6841.37
20 04 2020,7121.4,7220,6751,6826.83
19 04 2020,7248.6,7266.15,7055.6,7120.74
18 04 2020,7026.78,7293.08,7014.4,7248.6
17 04 2020,7101.99,7148.12,6972.98,7027.55
16 04 2020,6621.25,7190,6468.27,7101.94
15 04 2020,6868.57,6933,6605,6621.24
14 04 2020,6838.04,6978,6754.28,6868.7
13 04 2020,6903.79,6903.79,6575,6837.91
12 04 2020,6876.84,7177,6780,6903.79
11 04 2020,6858.92,6944.3,6760,6876.83
10 04 2020,7283.54,7295.75,6739.98,6858.92
9 04 2020,7360.26,7371.92,7108.08,7283.54
8 04 2020,7197.32,7420,7150,7361.28
7 04 2020,7329.9,7459.69,7077,7197.32
6 04 2020,6772.78,7355.14,6765,7329.9
5 04 2020,6857.41,6895.54,6677.52,6772.78
4 04 2020,6732.97,6990.41,6650.01,6856.99
3 04 2020,6793.86,7048,6602.1,6734.1
2 04 2020,6643.36,7198,6551,6794.09
1 04 2020,6412.14,6679.94,6150.11,6642.92
31 03 2020,6394.45,6523.23,6321.4,6410.44
30 03 2020,5880.5,6599,5857.76,6394.38
29 03 2020,6236.65,6266,5866.56,5881.42
28 03 2020,6359.11,6360,6024,6236.65
27 03 2020,6737.27,6842.59,6261,6359.11
26 03 2020,6677.42,6780,6510,6737.36
25 03 2020,6744.69,6957.96,6450,6677.43
24 03 2020,6465.25,6833,6371.33,6744.72
23 03 2020,5816.05,6600,5688,6467.31
22 03 2020,6187.04,6407.87,5734.01,5816.19
21 03 2020,6204.57,6456.98,5860.02,6186.98
20 03 2020,6162.05,6900,5670,6208.36
19 03 2020,5393.26,6400,5252.53,6162.37
18 03 2020,5312.64,5436.17,5009.37,5393.04
17 03 2020,5028.86,5525,4921.45,5312.64
16 03 2020,5360.33,5365.42,4442.12,5028.97
15 03 2020,5172.48,5940,5093.1,5361.3
14 03 2020,5576.05,5640.52,5055.13,5172.06
13 03 2020,4800.01,5955,3782.13,5578.6
12 03 2020,7934.58,7966.17,4410,4800
11 03 2020,7894.57,7980,7590,7934.52
10 03 2020,7929.87,8149,7728.01,7894.56
9 03 2020,8034.76,8179.31,7632.01,7929.87
8 03 2020,8885.25,8886.76,8000,8033.31
7 03 2020,9130.89,9188,8835,8886.66
6 03 2020,9054.64,9170,8985.5,9131.88
5 03 2020,8750.99,9159.42,8746.54,9054.68
4 03 2020,8760.07,8848.29,8660,8750.87
3 03 2020,8911.18,8919.65,8651,8760.07
2 03 2020,8530.3,8965.75,8498,8915.24
1 03 2020,8523.61,8750,8411,8531.88
29 02 2020,8690.8,8790,8523.55,8523.61
28 02 2020,8823.25,8900,8445,8692.91
27 02 2020,8786,8971.77,8531,8823.21
26 02 2020,9316.48,9377.44,8633.63,8785.25
25 02 2020,9655.52,9675,9250,9315.84
24 02 2020,9936.4,9990,9473.56,9656.13
23 02 2020,9650.85,9990,9645,9936.4
22 02 2020,9677.05,9709.17,9560.02,9650.86
21 02 2020,9597.21,9755.51,9550.21,9677.05
20 02 2020,9594.65,9699,9400,9596.42
19 02 2020,10164.78,10250,9350,9593.79
18 02 2020,9706,10250,9576.01,10164.71
17 02 2020,9910.7,9964.16,9452.67,9706
16 02 2020,9904.46,10050,9638.12,9917.27
15 02 2020,10344.36,10375,9801,9904.72
14 02 2020,10227.78,10381.56,10111.37,10344.36
13 02 2020,10325.33,10500,10080,10229.63
12 02 2020,10223.08,10450,10223.08,10326.46
11 02 2020,9851.74,10323.59,9700,10223.08
10 02 2020,10151.72,10188,9756,9851.83
9 02 2020,9895.04,10166,9880.75,10151.75
8 02 2020,9813.87,9940,9667.11,9895.05
7 02 2020,9772,9885,9730,9813.73
6 02 2020,9612.03,9862.57,9526.35,9772
5 02 2020,9197.02,9744.45,9177.22,9612.04
4 02 2020,9291.35,9350,9093.01,9197.02
3 02 2020,9331.59,9618.79,9234,9292.24
2 02 2020,9384.41,9477.03,9120,9331.51
1 02 2020,9351.71,9464.53,9281,9384.61
31 01 2020,9511.52,9530.22,9210.01,9352.89
30 01 2020,9301.57,9578,9204.44,9513.21
29 01 2020,9375.34,9449.24,9216,9301.53
28 01 2020,8907.57,9400,8862.4,9374.21
27 01 2020,8614.39,9000,8535,8907.57
26 01 2020,8340.01,8618.13,8293.66,8615
25 01 2020,8438.99,8451.26,8254.9,8340.58
24 01 2020,8404.52,8528.02,8238,8439
23 01 2020,8682.77,8691.81,8306.39,8404.52
22 01 2020,8736.04,8818,8590,8682.36
21 01 2020,8642.35,8789,8488,8736.03
20 01 2020,8701.72,8746.99,8521.28,8642.35
19 01 2020,8915.09,9198.98,8466,8701.7
18 01 2020,8913.27,8988.88,8806.38,8915.96
17 01 2020,8720.15,9041.65,8672.44,8913.28
16 01 2020,8820.01,8859.81,8586,8720.01
15 01 2020,8814.64,8916.48,8564,8821.41
14 01 2020,8110.34,8880,8105.54,8810.01
13 01 2020,8184.97,8196,8055.89,8110.34
12 01 2020,8020.01,8197,7960,8184.98
11 01 2020,8198.86,8286.34,8003.16,8020.01
10 01 2020,7817.74,8199,7672,8197.02
9 01 2020,8054.72,8055.96,7750,7817.76
8 01 2020,8145.92,8455,7870,8055.98
7 01 2020,7758.9,8207.68,7723.71,8145.28
6 01 2020,7357.64,7795.34,7346.76,7758
5 01 2020,7354.19,7495,7318,7358.75
4 01 2020,7345,7404,7272.21,7354.11
3 01 2020,6965.49,7405,6871.04,7344.96
2 01 2020,7200.77,7212.5,6924.74,6965.71
1 01 2020,7195.24,7255,7175.15,7200.85
31 12 2019,7246,7320,7145.01,7195.23
30 12 2019,7388.43,7408.24,7220,7246
29 12 2019,7315.36,7528.45,7288,7388.24
28 12 2019,7254.77,7365.01,7238.67,7316.14
27 12 2019,7202,7275.86,7076.42,7254.74
26 12 2019,7205.01,7435,7157.12,7202
25 12 2019,7255.77,7271.77,7128.86,7204.63
24 12 2019,7317.3,7436.68,7157.04,7255.77
23 12 2019,7500.71,7695.38,7265.84,7317.09
22 12 2019,7131.59,7518.54,7122.47,7501.44
21 12 2019,7188.01,7190.58,7105,7132.75
20 12 2019,7151.31,7220,7079.5,7187.83
19 12 2019,7277.83,7380,7038.31,7150.3
18 12 2019,6623.84,7440,6435,7277.83
17 12 2019,6891.44,6942.21,6560,6623.82
16 12 2019,7119.6,7150,6836,6891.72
15 12 2019,7064.14,7200.3,7008.35,7118.59
14 12 2019,7257.37,7271.77,7012,7064.05
13 12 2019,7197.76,7309.05,7190.76,7258.48
12 12 2019,7210,7295,7080.3,7198.08
11 12 2019,7224.15,7275.5,7125.66,7210
10 12 2019,7338.64,7407.6,7157.1,7224.13
9 12 2019,7510.11,7650,7273,7338.64
8 12 2019,7487.31,7564,7374.86,7510.11
7 12 2019,7527.8,7619.62,7470.16,7488.21
6 12 2019,7389,7590.03,7305,7527.47
5 12 2019,7194.59,7485,7150,7389
4 12 2019,7292.71,7750,7067,7194.32
3 12 2019,7294.42,7400,7241.35,7292.71
2 12 2019,7391.5,7420.56,7151.1,7294.28
1 12 2019,7540.63,7541.85,7210,7390.89
30 11 2019,7740.99,7810,7441,7541.89
29 11 2019,7418.52,7850,7362.3,7739.68
28 11 2019,7507.9,7643,7360,7419.49
27 11 2019,7154.75,7655,6840,7508.52
26 11 2019,7109.99,7340,7017.48,7156.14
25 11 2019,6900.23,7377.69,6515,7109.57
24 11 2019,7311.1,7330.39,6861,6903.28
23 11 2019,7268.23,7344.48,7080.01,7311.57
22 11 2019,7627.79,7750,6790,7268.23
21 11 2019,8098.56,8134.73,7500,7627.74
20 11 2019,8133.83,8264.29,8038.4,8098.01
19 11 2019,8186.5,8218.63,8003,8133.64
18 11 2019,8502.87,8503.52,8060,8187.17
17 11 2019,8490.74,8635,8350.68,8502.4
16 11 2019,8471.62,8543,8400,8491.02
15 11 2019,8646.38,8790,8400,8471.73
14 11 2019,8777.54,8800,8582.6,8646.68
13 11 2019,8821.91,8844.99,8702,8777.12
12 11 2019,8733.36,8888,8567.6,8821.94
11 11 2019,9040.16,9072.32,8618.68,8733.27
10 11 2019,8809.18,9147.19,8750,9039.47
9 11 2019,8773.74,8880,8724.88,8809.41
8 11 2019,9214,9261,8696,8773.73
7 11 2019,9339.16,9375,9101,9216.2
6 11 2019,9307.73,9440.91,9250.01,9339.05
5 11 2019,9392.4,9454.95,9175.76,9308.66
4 11 2019,9196.46,9513.68,9115.84,9393.35
3 11 2019,9289.85,9362.57,9066.14,9194.71
2 11 2019,9231.4,9373.74,9186.21,9289.52
1 11 2019,9140.86,9279,9030,9231.61
31 10 2019,9154.02,9405,8913,9140.85
30 10 2019,9407.62,9409.84,9001.01,9154.72
29 10 2019,9204.45,9550,9072,9407.62
28 10 2019,9528.23,9902.1,9160,9205.14
27 10 2019,9230,9794.98,9074.34,9529.93
26 10 2019,8655.88,10370,8470.38,9230
25 10 2019,7412.41,8799,7361,8655.02
24 10 2019,7468.47,7503.68,7337.99,7412.41
23 10 2019,8020.06,8047.59,7300,7466.62
22 10 2019,8197.28,8297.99,8000,8020
21 10 2019,8223.35,8333,8142.03,8197.27
20 10 2019,7949.87,8297,7870,8223.35
19 10 2019,7946.89,8098.1,7866.92,7948.01
18 10 2019,8070.71,8115,7816.01,7947.01
17 10 2019,7995.02,8124.92,7929.03,8070.58
16 10 2019,8159.3,8181.16,7917,7991.74
15 10 2019,8346.86,8403,8090,8159.29
14 10 2019,8275.24,8388.85,8203,8348.2
13 10 2019,8301.98,8451.37,8160,8275.01
12 10 2019,8257.95,8400,8250,8300.09
11 10 2019,8557.82,8779.51,8212.38,8258.5
10 10 2019,8562.15,8644,8414.52,8558.03
9 10 2019,8170.79,8670,8115,8560.74
8 10 2019,8190.82,8325,8088.75,8168.39
7 10 2019,7855.3,8299.92,7762,8190.09
6 10 2019,8127.55,8153.87,7785,7854.25
5 10 2019,8137.09,8183.41,8012.98,8126.19
4 10 2019,8224.43,8232.41,8005,8137.13
3 10 2019,8360,8393,8060,8223.96
2 10 2019,8292.67,8373.91,8151.22,8359.94
1 10 2019,8289.97,8500,8173.05,8292.44
30 09 2019,8043.04,8337.26,7710,8289.34
29 09 2019,8199.38,8229.13,7890,8043.82
28 09 2019,8177.47,8315,8001.09,8198.81
27 09 2019,8063.49,8265,7852.15,8177.91
26 09 2019,8430.05,8465.99,7750,8063.73
25 09 2019,8497.55,8730,8215.64,8430.05
24 09 2019,9702.2,9794.99,7800,8493.14
23 09 2019,10028.05,10049.99,9615.77,9702.25
22 09 2019,9985.15,10089,9853.97,10028.87
21 09 2019,10167.92,10176.7,9900,9986.39
20 09 2019,10243.7,10281,10061.39,10168.59
19 09 2019,10156.41,10325,9653,10244.29
18 09 2019,10187.48,10258.02,10100,10156.99
17 09 2019,10249.68,10275,10128.01,10187.82
16 09 2019,10303.34,10355,10078,10251.31
15 09 2019,10332.81,10360,10252.15,10302.01
14 09 2019,10344.13,10419.99,10222.33,10335.02
13 09 2019,10415.01,10439,10153,10342.06
12 09 2019,10158.75,10448.81,10040,10415.01
11 09 2019,10098.19,10293,9880,10158.33
10 09 2019,10302.58,10384.99,9953,10098.15
9 09 2019,10381.24,10480,10068.5,10303.12
8 09 2019,10455.9,10592.5,10208,10381.18
7 09 2019,10298.71,10558,10288.57,10455.88
6 09 2019,10563.13,10905.87,10150,10298.73
5 09 2019,10565.92,10900,10450,10564.49
4 09 2019,10611.85,10799,10369.89,10567.02
3 09 2019,10340,10773,10272,10615.28
2 09 2019,9723.59,10450,9712.5,10340
1 09 2019,9588.74,9830,9520,9724.98
31 08 2019,9582.76,9684.51,9420.75,9587.47
30 08 2019,9499.01,9696,9350.41,9584.54
29 08 2019,9721,9724,9320,9498.44
28 08 2019,10185.69,10299,9601.01,9721
27 08 2019,10373.6,10391.08,10051.08,10185.05
26 08 2019,10142.69,10604,10137.93,10372.25
25 08 2019,10134.61,10333,9906.97,10142.69
24 08 2019,10388.16,10419.42,9890,10134.35
23 08 2019,10099.9,10445,10019.79,10389.55
22 08 2019,10140.82,10242,9762,10099.88
21 08 2019,10760.51,10804.13,9858,10142.57
20 08 2019,10914.73,10949.96,10560,10760.51
19 08 2019,10306.17,10930,10258.6,10915.54
18 08 2019,10216.05,10500,10080,10306.78
17 08 2019,10331.15,10465.14,10000,10216.02
16 08 2019,10296.77,10536.03,9750,10331.54
15 08 2019,10055.16,10460,9911,10293.93
14 08 2019,10893.36,10897.48,9928.1,10050.37
13 08 2019,11398.35,11456.16,10788.45,10892.71
12 08 2019,11539.08,11577.89,11235.32,11396.08
11 08 2019,11309.24,11600,11112.11,11549.97
10 08 2019,11879.98,11985,11270,11309.31
9 08 2019,11994.17,12045.68,11700,11879.99
8 08 2019,11975.04,12060,11521,11999.77
7 08 2019,11481.69,12141.17,11382.84,11975.03
6 08 2019,11830,12330.7,11226.7,11481.69
5 08 2019,10929.99,11937.52,10927.8,11828.8
4 08 2019,10816.86,11040,10552,10929.23
3 08 2019,10523.75,10904.77,10497.93,10816.86
2 08 2019,10375,10670,10281.35,10523.75
1 08 2019,10080.53,10467.86,9863.46,10374.99
31 07 2019,9575,10109.8,9555,10080.53
30 07 2019,9509.07,9714.28,9402,9574.21
29 07 2019,9541.54,9729,9395,9507.64
28 07 2019,9478.92,9594.99,9165,9541.54
27 07 2019,9824,10188.66,9333,9476.52
26 07 2019,9882.15,9889.98,9637,9824
25 07 2019,9763.4,10175,9720.03,9879.87
24 07 2019,9864.78,9937,9525,9763.28
23 07 2019,10343.08,10343.97,9822,9864.91
22 07 2019,10590.15,10683.16,10100,10340.31
21 07 2019,10740.27,10817.9,10288,10589.45
20 07 2019,10505.78,11068.99,10350,10740.23
19 07 2019,10628.64,10769.71,10121.84,10504.29
18 07 2019,9668.86,10788,9252,10627.16
17 07 2019,9430.17,9957,9060,9667.92
16 07 2019,10833.78,11028,9350.01,9439.59
15 07 2019,10174.18,11100,9860,10838.72
14 07 2019,11355.78,11452,10103,10174.18
13 07 2019,11757.22,11799.98,10830,11355.76
12 07 2019,11342.88,11885,11073,11757.22
11 07 2019,12108.11,12111.73,11000,11342.89
10 07 2019,12548.51,13147.08,11569,12108.37
9 07 2019,12238.6,12794.73,12068,12543.41
8 07 2019,11410,12338.03,11220,12238.6
7 07 2019,11256.45,11538,11094.37,11406.24
6 07 2019,10982.41,11665,10964.51,11256.49
5 07 2019,11145.67,11406.83,10796.44,10970.73
4 07 2019,11940,12000,11055,11145.67
3 07 2019,10844.98,11991.89,10841.04,11940
2 07 2019,10624.9,10938.75,9727,10842.85
1 07 2019,10854.1,11282.28,10030,10624.93
30 06 2019,11903.13,12180,10766.03,10854.1
29 06 2019,12407.06,12441.54,11475.02,11903.13
28 06 2019,11329.99,12480,10982.88,12400.63
27 06 2019,13098.38,13478.04,10525.1,11329.99
26 06 2019,11821.28,13970,11741,13093.8
25 06 2019,11056.59,11850,11026,11820.86
24 06 2019,10905.95,11143.63,10620.8,11056.59
23 06 2019,10729,11392.64,10555.18,10906.07
22 06 2019,10159.86,11160,9921.72,10729.5
21 06 2019,9518.06,10174.99,9518.06,10159.86
20 06 2019,9253.76,9590,9175.2,9517.12
19 06 2019,9081.97,9304,8960,9255.49
18 06 2019,9312.13,9336.36,8950,9081.55
17 06 2019,8953,9444,8950,9313.96
16 06 2019,8810.77,9333,8760,8953.33
15 06 2019,8650.88,8864.99,8567.63,8808.7
14 06 2019,8216.44,8684.41,8144.32,8650
13 06 2019,8127.64,8309.82,8010.03,8218.54
12 06 2019,7884.9,8200,7788.99,8127.64
11 06 2019,7981,8010,7692.23,7884.9
10 06 2019,7627.57,8020,7511,7982.75
9 06 2019,7895.28,7935,7506.66,7628.13
8 06 2019,7978.94,8044.65,7751,7893.62
7 06 2019,7787.57,8100,7737.49,7980.53
6 06 2019,7778.08,7868.13,7444.58,7786.7
5 06 2019,7687.04,7896.7,7572.78,7776.5
4 06 2019,8115.66,8115.66,7481.02,7687.03
3 06 2019,8726,8800.95,8080.8,8115.82
2 06 2019,8545.1,8814.78,8524,8725.98
1 06 2019,8555,8626,8442.36,8544.07
31 05 2019,8267.1,8594,8108.5,8555
30 05 2019,8646.5,9074.26,8005,8269.54
29 05 2019,8716.87,8750,8406.6,8645.68
28 05 2019,8752.52,8798.49,8510.63,8715.64
27 05 2019,8612.54,8908.32,8589,8756.32
26 05 2019,8023,8740,7833.42,8614.43
25 05 2019,7964.52,8091.8,7908.34,8025.41
24 05 2019,7849.95,8130,7766,7964.87
23 05 2019,7627.8,7940.98,7461,7851.51
22 05 2019,7904.48,8016,7465,7628.43
21 05 2019,7937.16,8042.32,7771,7904.87
20 05 2019,8147.94,8156.03,7553,7938.15
19 05 2019,7257.32,8275.09,7243.08,8148.48
18 05 2019,7355.28,7458,7156.61,7257.45
17 05 2019,7868.67,7925,6913,7355.26
16 05 2019,8169.08,8320,7705,7866.59
15 05 2019,7945.26,8249,7850,8169.87
14 05 2019,7795.62,8366,7599.56,7947.56
13 05 2019,6968.24,8100,6870,7790.71
12 05 2019,7076.24,7521.78,6750,6967.31
11 05 2019,6375.16,7343.99,6372.85,7076.22
10 05 2019,6209.95,6468.92,6172,6373.33
9 05 2019,5986.66,6224.55,5983.71,6209.18
8 05 2019,5846.34,6014.72,5772.2,5987.29
7 05 2019,5749.92,6028.41,5747.74,5846.34
6 05 2019,5773.18,5805,5619.14,5747.79
5 05 2019,5829.83,5839.9,5696,5775.62
4 05 2019,5770.62,5900,5587.45,5829.45
3 05 2019,5494.81,5844,5477.57,5772.69
2 05 2019,5383.2,5538,5370,5492.87
1 05 2019,5321.94,5402,5316.2,5383.2
30 04 2019,5238.14,5339.98,5192.15,5320.81
29 04 2019,5309.81,5332,5178.8,5238.14
28 04 2019,5295.69,5340,5259.48,5307.52
27 04 2019,5315,5342.5,5257.67,5295.69
26 04 2019,5220.47,5510,5161.62,5314.1
25 04 2019,5415,5491.84,5102,5219.9
24 04 2019,5490.91,5582.2,5333.35,5415
23 04 2019,5357.14,5600,5332.41,5493.31
22 04 2019,5257.41,5400,5208.35,5357.14
21 04 2019,5292.91,5314.35,5165,5256.14
20 04 2019,5258.68,5333.42,5230.1,5291.73
19 04 2019,5258.44,5320,5175,5258.68
18 04 2019,5202.41,5287,5198.8,5258.44
17 04 2019,5173.72,5230.4,5146.8,5202.82
16 04 2019,5024.95,5197.72,5003.94,5173.72
15 04 2019,5131.28,5167.38,4950,5024.95
14 04 2019,5047.45,5152.99,5000,5131.3
13 04 2019,5047,5099,5004,5045.22
12 04 2019,5017.37,5080.58,4861.22,5048.01
11 04 2019,5307.86,5332.67,4927,5017.37
10 04 2019,5150,5422,5135,5308.25
9 04 2019,5238.38,5238.4,5076.68,5150
8 04 2019,5170.27,5305,5039,5236.9
7 04 2019,5042.07,5234,5026,5170.27
6 04 2019,5004.96,5205,4928.59,5043.89
5 04 2019,4898.64,5028.22,4880.62,5004.95
4 04 2019,4932.59,5039.08,4777,4898.66
3 04 2019,4857.19,5275.01,4753.5,4932.6
2 04 2019,4144.54,4897.99,4140.54,4857.29
1 04 2019,4102.44,4158.7,4067,4144.56
31 03 2019,4106.99,4116.12,4082.57,4103.95
30 03 2019,4104.24,4140,4052,4106.97
29 03 2019,4028.22,4123.71,4024.03,4103.25
28 03 2019,4039.58,4039.7,4002,4027.81
27 03 2019,3948.77,4048,3936.15,4038.05
26 03 2019,3935.47,3958.98,3894,3948.55
25 03 2019,3991.35,3999.3,3888.71,3936.12
24 03 2019,4006.01,4006.02,3950,3992.18
23 03 2019,3987.89,4018.83,3978.01,4006.01
22 03 2019,3980.85,4008,3968.25,3986.93
21 03 2019,4043.04,4069.32,3880.01,3980.64
20 03 2019,4017.48,4050,3980.5,4043.04
19 03 2019,3987.83,4031,3970,4015.53
18 03 2019,3981.85,4037,3953.33,3987.81
17 03 2019,4005.98,4012,3950.01,3981.14
16 03 2019,3924.46,4056.98,3921.98,4005.98
15 03 2019,3877.12,3939.22,3872.2,3923.76
14 03 2019,3866,3920,3810.43,3877.12
13 03 2019,3882.69,3893.56,3840,3866
12 03 2019,3871.61,3905.2,3826.06,3882.73
11 03 2019,3915.99,3936.98,3830,3871.61
10 03 2019,3943.43,3943.43,3881.69,3916.82
9 03 2019,3864.88,3971.75,3854.75,3943.04
8 03 2019,3873.63,3932,3800,3864.89
7 03 2019,3861.84,3905.4,3840.4,3873.64
6 03 2019,3857.58,3907,3813.09,3861.84
5 03 2019,3716.1,3877.1,3703.55,3857.73
4 03 2019,3807.32,3830,3670.69,3715.3
3 03 2019,3819.97,3835,3781.32,3807.75
2 03 2019,3822.17,3841.31,3772.25,3819.93
1 03 2019,3814.26,3857,3813.01,3823
28 02 2019,3818.04,3888,3763.87,3813.69
27 02 2019,3809.31,3838.85,3677.17,3818.07
26 02 2019,3828.44,3841.51,3777,3809.23
25 02 2019,3743.56,3872.66,3740,3827.92
24 02 2019,4118,4198,3712.66,3743.56
23 02 2019,3962,4162.02,3933.15,4117.76
22 02 2019,3937.31,3988,3926.65,3962
21 02 2019,3969.74,4016.48,3901.03,3937.31
20 02 2019,3907.35,3986.98,3870.66,3969.74
19 02 2019,3897.35,3994.52,3856,3907.79
18 02 2019,3667.62,3925,3655,3898.6
17 02 2019,3617.22,3700.11,3604.4,3667.58
16 02 2019,3602.49,3648.2,3597.91,3618.41
15 02 2019,3590.57,3653.23,3573.45,3602.47
14 02 2019,3608.34,3626.4,3568.11,3590.56
13 02 2019,3631.51,3670,3591.75,3609.4
12 02 2019,3631.05,3667.6,3582.34,3631.46
11 02 2019,3679.75,3684.9,3615.53,3631.05
10 02 2019,3665.18,3684.99,3609.76,3680.06
9 02 2019,3660.27,3680.02,3625.13,3665.18
8 02 2019,3398.4,3733.58,3373.1,3659.04
7 02 2019,3407,3426.45,3390,3398.4
6 02 2019,3471.57,3482.72,3380,3405.37
5 02 2019,3463.22,3478.97,3448.43,3471.59
4 02 2019,3458.11,3484.88,3433.31,3463.22
3 02 2019,3504.06,3511.09,3426,3458.11
2 02 2019,3462.2,3526.4,3440.29,3504.77
1 02 2019,3434.1,3488,3401.2,3462.07
31 01 2019,3457.5,3489.2,3418.8,3434.1
30 01 2019,3410.04,3478,3387.1,3458.18
29 01 2019,3434,3443.45,3349.92,3411.04
28 01 2019,3550.05,3557.75,3380.27,3434.15
27 01 2019,3565.62,3579,3486,3550.84
26 01 2019,3566.69,3662.94,3545,3565.25
25 01 2019,3569.07,3587.15,3522.51,3565.29
24 01 2019,3552.97,3589,3529.22,3569.62
23 01 2019,3570.41,3607.98,3514.5,3552.82
22 01 2019,3526.88,3608.5,3434.85,3570.93
21 01 2019,3539.26,3559.51,3475.5,3526.9
20 01 2019,3665.75,3693.73,3475,3539.28
19 01 2019,3594.87,3720,3594.23,3665.3
18 01 2019,3613.32,3620,3565.75,3594.87
17 01 2019,3591.84,3634.7,3530.39,3616.21
16 01 2019,3553.06,3645,3543.51,3591.84
15 01 2019,3626.08,3648.42,3516.62,3553.06
14 01 2019,3477.56,3671.87,3467.02,3626.09
13 01 2019,3584.1,3611.1,3441.3,3476.81
12 01 2019,3601.31,3618.19,3530,3583.13
11 01 2019,3585.88,3658,3465,3601.31
10 01 2019,3966.06,3996.01,3540,3585.88
9 01 2019,3955.45,4006.81,3930.04,3966.65
8 01 2019,3976.76,4069.8,3903,3955.13
7 01 2019,3987.62,4017.9,3921.53,3975.45
6 01 2019,3771.12,4027.71,3740,3987.6
5 01 2019,3790.09,3840.99,3751,3770.96
4 01 2019,3767.2,3823.64,3703.57,3792.01
3 01 2019,3857.57,3862.74,3730,3766.78
2 01 2019,3796.45,3882.14,3750.45,3858.56
1 01 2019,3701.23,3810.16,3642,3797.14
31 12 2018,3803.12,3810,3630.33,3702.9
30 12 2018,3696.71,3903.5,3657.9,3801.91
29 12 2018,3839,3892,3670,3695.32
28 12 2018,3567.89,3887.25,3540.04,3839.26
27 12 2018,3777.74,3813.98,3535,3567.91
26 12 2018,3745.56,3837.15,3656.74,3777.74
25 12 2018,4010.11,4020,3646.41,3745.79
24 12 2018,3929.71,4198,3924.83,4008.01
23 12 2018,3948.91,4021.53,3870,3929.71
22 12 2018,3840.25,3979,3785,3948.91
21 12 2018,4051.86,4139.99,3764,3838.66
20 12 2018,3660.01,4120,3635,4049.62
19 12 2018,3653,3912.73,3622.55,3662.22
18 12 2018,3509.03,3678.59,3424.47,3652.98
17 12 2018,3229.22,3585,3216,3509.08
16 12 2018,3211.71,3294,3186,3228.67
15 12 2018,3225.19,3276.5,3156.26,3211.72
14 12 2018,3302.06,3335.39,3177,3224.17
13 12 2018,3446.38,3460,3255.5,3302.06
12 12 2018,3379.23,3492,3350,3445
11 12 2018,3434.01,3480,3324.32,3380.39
10 12 2018,3548.49,3610,3370.11,3432.88
9 12 2018,3411.36,3658,3394.04,3545.37
8 12 2018,3403.57,3495,3222,3410.93
7 12 2018,3508.75,3549.99,3224.6,3403.55
6 12 2018,3768.44,3899.99,3500,3508.75
5 12 2018,3950.98,3970,3745,3769.84
4 12 2018,3884.76,4085,3781,3951.64
3 12 2018,4160.55,4179,3827,3884.01
2 12 2018,4190.98,4312.99,4103.04,4161.01
1 12 2018,4041.27,4299.99,3963.01,4190.02
30 11 2018,4295.72,4341.36,3943,4041.32
29 11 2018,4262.06,4450.38,4125.65,4295.84
28 11 2018,3875.63,4394.47,3874.27,4264.85
27 11 2018,3864.45,3940,3689.12,3875.21
26 11 2018,4088.69,4206,3701,3862.2
25 11 2018,3933.68,4233,3652.66,4085.78
24 11 2018,4415.63,4527,3824.69,3932.44
23 11 2018,4370.9,4484,4222.94,4420.61
22 11 2018,4661.08,4721.77,4335,4370
21 11 2018,4559.91,4787.2,4413.85,4661.07
20 11 2018,4913.4,5048.24,4326,4558.86
19 11 2018,5661.94,5664,4855,4910.03
18 11 2018,5630.49,5738.17,5617,5662
17 11 2018,5650.57,5656.6,5565.43,5628.29
16 11 2018,5757.09,5782.89,5549.25,5655.94
15 11 2018,5917.2,5939.54,5403.42,5753.4
14 11 2018,6458.98,6482.84,5656.87,5922.41
13 11 2018,6451.68,6498,6391.15,6457.66
12 11 2018,6450.71,6497,6421,6453.07
11 11 2018,6435.16,6462.14,6355,6449.81
10 11 2018,6419.99,6475.55,6411,6433.05
9 11 2018,6479.84,6511.53,6391.01,6419.99
8 11 2018,6578.46,6594,6468.22,6479.84
7 11 2018,6522.73,6615.15,6509,6578.46
6 11 2018,6468.99,6531.31,6445.18,6519.11
5 11 2018,6485.85,6504.39,6431.02,6468.99
4 11 2018,6388,6525,6359,6485.85
3 11 2018,6432.8,6439.97,6345,6387.09
2 11 2018,6410,6460.34,6388.2,6433.98
1 11 2018,6369.52,6442.65,6348.66,6410
31 10 2018,6330.01,6428,6245.02,6371.93
30 10 2018,6344.5,6395,6317.01,6330.87
29 10 2018,6489.93,6505.01,6315,6344.5
28 10 2018,6505.6,6514.17,6453,6489.93
27 10 2018,6538.63,6558.35,6463.04,6505.6
26 10 2018,6528.13,6600,6515.01,6538.63
25 10 2018,6566.81,6575.09,6502.8,6528.09
24 10 2018,6553.51,6630,6547.53,6565.5
23 10 2018,6581.2,6595,6515.45,6553.51
22 10 2018,6590.12,6639,6535.27,6581.2
21 10 2018,6585.72,6663.9,6580,6590.11
20 10 2018,6528.88,6617.65,6505.55,6588.4
19 10 2018,6618.96,6648.14,6523,6528.88
18 10 2018,6739.01,6796,6567,6618.96
17 10 2018,6762.76,6811.12,6676.01,6740.89
16 10 2018,6752.5,6900,6670,6759.27
15 10 2018,6339.34,7680,6300,6752.5
14 10 2018,6332.92,6416,6308,6339.34
13 10 2018,6298,6345,6285.07,6332.93
12 10 2018,6252.71,6360,6209,6298.01
11 10 2018,6630.21,6633.92,6205,6252.68
10 10 2018,6656.67,6659.95,6530,6631
9 10 2018,6673.01,6685.38,6607,6656.61
8 10 2018,6615.26,6715.6,6587,6673.01
7 10 2018,6596.44,6640,6525,6615.26
6 10 2018,6635.65,6651,6566.77,6594.27
5 10 2018,6591.69,6697,6543.08,6635.65
4 10 2018,6510.01,6643.46,6505.09,6593.79
3 10 2018,6525.79,6549,6430,6510
2 10 2018,6610,6640,6494,6525.79
1 10 2018,6626.57,6667.09,6510,6611.61
30 09 2018,6597.66,6662,6533,6626.57
29 09 2018,6634.58,6636,6464.57,6596.38
28 09 2018,6689.12,6814.8,6540.88,6634.58
27 09 2018,6467.84,6750,6434,6689.13
26 09 2018,6445.11,6557.99,6379.7,6465.12
25 09 2018,6581.42,6584.01,6325.02,6447.54
24 09 2018,6706.81,6730,6557,6581.39
23 09 2018,6723.05,6788.23,6661.75,6708
22 09 2018,6759.01,6839.03,6627,6723.05
21 09 2018,6492,6784.86,6491,6759.02
20 09 2018,6392,6540,6325,6492
19 09 2018,6336.39,6517.7,6123,6391.89
18 09 2018,6248.69,6390,6224.98,6336.45
17 09 2018,6500.08,6533.84,6201,6248.69
16 09 2018,6514.96,6524.62,6370,6505
15 09 2018,6476.63,6565.45,6466.13,6514.96
14 09 2018,6487.39,6584.99,6385.62,6476.63
13 09 2018,6338.62,6535,6337.4,6487.38
12 09 2018,6293,6360,6192.37,6338.62
11 09 2018,6311.99,6404,6169.68,6294.91
10 09 2018,6252.26,6373.98,6221,6312
9 09 2018,6185.06,6441,6141.53,6250.81
8 09 2018,6395.54,6478,6111,6185.05
7 09 2018,6516.84,6544,6320,6395.54
6 09 2018,6697.27,6725,6265,6516.01
5 09 2018,7359.05,7397.3,6682,6700
4 09 2018,7263,7410,7227.17,7359.06
3 09 2018,7302,7338.28,7191.63,7263.02
2 09 2018,7201.57,7345.45,7127,7302.01
1 09 2018,7011.21,7275,7008.74,7200.01
31 08 2018,6984.84,7089,6888,7011.21
30 08 2018,7033.21,7063.63,6784.81,6984.84
29 08 2018,7077,7133.81,6912.34,7031.22
28 08 2018,6907.26,7135,6860,7076.11
27 08 2018,6700,6940.51,6646.5,6908.64
26 08 2018,6733.64,6775.27,6568,6700
25 08 2018,6686.98,6789,6650.61,6733.64
24 08 2018,6525,6725,6440.5,6681.64
23 08 2018,6362.57,6576.99,6342.28,6525.01
22 08 2018,6479.98,6882.54,6251.2,6360.89
21 08 2018,6251,6500,6235.08,6480
20 08 2018,6477.53,6530,6220,6254.84
19 08 2018,6387.96,6541,6300,6477.53
18 08 2018,6579.04,6620,6288,6387.96
17 08 2018,6316,6585,6285.4,6584.49
16 08 2018,6265.27,6480,6205.6,6311.75
15 08 2018,6188.08,6609,6172.11,6267.16
14 08 2018,6248.25,6250.33,5880,6188.08
13 08 2018,6308.56,6545,6145.04,6246.35
12 08 2018,6222.55,6472.3,6130,6308.33
11 08 2018,6148.13,6488,5971,6232.35
10 08 2018,6529.79,6575.88,6026.39,6144.01
9 08 2018,6283.27,6622.81,6178.6,6529.79
8 08 2018,6720.63,6721.54,6123,6285
7 08 2018,6935,7150.46,6670,6720.06
6 08 2018,7024.19,7160,6821,6934.82
5 08 2018,7009.84,7089.87,6882.29,7024.19
4 08 2018,7412.27,7494.81,6926,7009.84
3 08 2018,7525.71,7540,7282.44,7418.78
2 08 2018,7600.08,7709.46,7455.72,7525.71
1 08 2018,7735.67,7750,7430,7604.58
31 07 2018,8171.4,8180,7633,7730.93
30 07 2018,8210.99,8273,7866,8173.92
29 07 2018,8225.04,8294.51,8115,8211
28 07 2018,8188.57,8246.54,8067,8225.04
27 07 2018,7920,8285,7805,8188.57
26 07 2018,8175.63,8315.69,7850.06,7920
25 07 2018,8397.24,8491.77,8050,8175.64
24 07 2018,7721.65,8486,7696,8397.24
23 07 2018,7394.78,7833,7375,7721.01
22 07 2018,7399.25,7582.4,7335.5,7394.79
21 07 2018,7337.47,7458.47,7211,7398.78
20 07 2018,7468.86,7700,7273,7337.53
19 07 2018,7381.88,7576.28,7270,7466.21
18 07 2018,7317.44,7588.08,7225.38,7381.9
17 07 2018,6723.33,7468.99,6652.04,7317.44
16 07 2018,6354.15,6747.3,6330.4,6723.35
15 07 2018,6250.9,6395,6225.4,6353.01
14 07 2018,6214.57,6335,6178,6251.99
13 07 2018,6251.4,6350,6110,6214.57
12 07 2018,6378.07,6380.28,6070,6250.57
11 07 2018,6296.91,6406,6278.99,6378.07
10 07 2018,6662.78,6681,6263,6296.91
9 07 2018,6712.1,6802.06,6612.24,6662.12
8 07 2018,6753.48,6780,6667.44,6712.1
7 07 2018,6609.79,6818.16,6508.88,6756.98
6 07 2018,6529.2,6648.54,6425,6609.78
5 07 2018,6585.53,6712,6453.33,6529.2
4 07 2018,6511.01,6784.92,6441.11,6586.98
3 07 2018,6615.29,6679.35,6463.01,6513.86
2 07 2018,6360.82,6685,6271.62,6615.29
1 07 2018,6391.08,6441.06,6251,6356.81
30 06 2018,6197.92,6528.99,6186.03,6390.07
29 06 2018,5851.01,6300,5780,6197.92
28 06 2018,6134.73,6173.01,5827,5853.98
27 06 2018,6065.89,6190.43,5971,6133.73
26 06 2018,6252,6272.54,6035,6070.78
25 06 2018,6137.95,6350,6061.97,6252
24 06 2018,6149.98,6259.8,5750,6136.97
23 06 2018,6045.92,6260,6008.48,6149.98
22 06 2018,6717.69,6733.97,5918.94,6045
21 06 2018,6763.21,6795,6672.57,6718.84
20 06 2018,6740,6817.23,6551.81,6761.51
19 06 2018,6711.39,6841.74,6653,6741.21
18 06 2018,6444.06,6794.38,6380,6712.46
17 06 2018,6482.5,6589.03,6422,6449.61
16 06 2018,6380.01,6560,6320.86,6483.98
15 06 2018,6638.67,6666.66,6362.31,6388.9
14 06 2018,6292.78,6720,6260,6635.98
13 06 2018,6530,6627.6,6118.68,6292.78
12 06 2018,6872,6890.51,6435,6530
11 06 2018,6765,6922,6610,6872
10 06 2018,7491.73,7491.73,6622.81,6764.99
9 06 2018,7603.44,7683.98,7450,7491.73
8 06 2018,7691.08,7703.5,7531,7603.44
7 06 2018,7658.79,7765,7620,7691.08
6 06 2018,7626.64,7699,7467.05,7658.84
5 06 2018,7487,7679.49,7358,7625
4 06 2018,7714.26,7760.52,7446.5,7487
3 06 2018,7636.81,7786.69,7600,7714.26
2 06 2018,7521.01,7697.33,7437,7640.03
1 06 2018,7485.01,7608.55,7355.54,7521.01
31 05 2018,7382.07,7699,7327.51,7485.01
30 05 2018,7467.98,7569,7260.5,7375.96
29 05 2018,7099,7540,7032.95,7461.29
28 05 2018,7338.99,7437,7058.02,7099
27 05 2018,7334,7400,7231.11,7338.99
26 05 2018,7456.99,7620,7300,7333.96
25 05 2018,7578.99,7649.55,7308.15,7457
24 05 2018,7501.95,7730.73,7266.99,7575.01
23 05 2018,7977.12,8031.9,7425,7501.95
22 05 2018,8386.89,8400.18,7935.11,7977.11
21 05 2018,8526.97,8595.31,8305,8381.24
20 05 2018,8233.49,8609,8163.9,8526.98
19 05 2018,8238.01,8390.8,8095.73,8233.49
18 05 2018,8038.82,8273.21,7911.9,8239.81
17 05 2018,8330,8464,7979,8041.46
16 05 2018,8462,8488,8083.01,8330
15 05 2018,8663.37,8859.99,8401.3,8462
14 05 2018,8679.71,8879.99,8277,8663.34
13 05 2018,8475.44,8763.36,8298,8679.71
12 05 2018,8405.94,8646.88,8153,8465.94
11 05 2018,9002.21,9016.8,8341,8400
10 05 2018,9310,9395.12,8970,9002.2
9 05 2018,9178,9390,8965,9310
8 05 2018,9365,9475.7,9060.54,9187.56
7 05 2018,9661.02,9689.67,9181,9365
6 05 2018,9863.99,9970,9417.03,9659.01
5 05 2018,9714,10020,9682,9864
4 05 2018,9750,9830.04,9520.85,9713.99
3 05 2018,9247.81,9844,9168.4,9750
2 05 2018,9071.48,9268,8970.2,9247.84
1 05 2018,9246.01,9248.99,8800.49,9071.48
30 04 2018,9417.04,9458.64,9124.99,9246.01
29 04 2018,9348,9570.51,9163.74,9419
28 04 2018,8915.35,9427.48,8870,9348
27 04 2018,9267.03,9395,8889,8915.35
26 04 2018,8869.99,9307.48,8651.62,9266
25 04 2018,9618.96,9759.82,8730,8869.99
24 04 2018,8934,9731.01,8922,9619.99
23 04 2018,8785.7,8985,8745,8934.01
22 04 2018,8915.31,9020.67,8727.68,8787.02
21 04 2018,8852.12,9035,8565,8915.31
20 04 2018,8273.84,8930,8177.09,8856.98
19 04 2018,8173.99,8296,8080,8278
18 04 2018,7890.96,8236.43,7868,8173
17 04 2018,8064.92,8173.7,7825.4,7885.02
16 04 2018,8355.07,8419,7867,8064.92
15 04 2018,8004,8429.54,7999.02,8355
14 04 2018,7877.48,8186,7810,7999.01
13 04 2018,7922.99,8233.39,7732,7877.41
12 04 2018,6953.78,8012.23,6743.2,7923
11 04 2018,6839.56,6990,6787,6953.79
10 04 2018,6781.55,6890,6656,6843.9
9 04 2018,7011.04,7185,6611,6782.72
8 04 2018,6895.81,7109.13,6880,7018
7 04 2018,6601.39,7070,6586.28,6895.8
6 04 2018,6770,6850,6500,6601.39
5 04 2018,6796.1,6902,6566.69,6770.76
4 04 2018,7405.21,7427.52,6707,6796.1
3 04 2018,7063.97,7520,7011.01,7405.21
2 04 2018,6813.01,7125,6765,7056
1 04 2018,6922,7049.98,6430,6813.01
31 03 2018,6840.24,7223.36,6777,6923.91
30 03 2018,7090.16,7292.43,6600.1,6840.23
29 03 2018,7949.3,7975,6941.11,7090.14
28 03 2018,7795.51,8109,7728,7949.3
27 03 2018,8134.22,8215.94,7730,7795.51
26 03 2018,8470.14,8514.89,7831,8134.23
25 03 2018,8531.25,8669.85,8365.77,8470.15
24 03 2018,8898.04,8999.95,8491,8546.86
23 03 2018,8720,8909,8269,8898.03
22 03 2018,8884.82,9100,8465.1,8722.9
21 03 2018,8909.96,9177.01,8750.6,8885
20 03 2018,8595.01,9050,8280,8909.98
19 03 2018,8189,8705.23,8088.4,8600
18 03 2018,7824.01,8317.4,7322,8189.99
17 03 2018,8260,8348.62,7721.99,7824.8
16 03 2018,8240.98,8611.64,7900,8260
15 03 2018,8184.01,8430,7650,8240.98
14 03 2018,9151.92,9333.78,7900.28,8170
13 03 2018,9131.34,9474,8823,9150
12 03 2018,9533.57,9888.88,8780,9131.34
11 03 2018,8770.22,9740,8450,9533.57
10 03 2018,9230,9490,8667.07,8770.22
9 03 2018,9267.07,9410,8329,9227
8 03 2018,9910,10099,9060,9271.64
7 03 2018,10716.48,10899,9389.31,9910
6 03 2018,11455,11455,10555.48,10716.48
5 03 2018,11515,11710,11415.01,11454
4 03 2018,11464.47,11565,11050.02,11515
3 03 2018,11038.99,11544,11015.01,11464.48
2 03 2018,10923.36,11200,10770,11039
1 03 2018,10325.64,11060.41,10240,10920
28 02 2018,10584.33,11098,10300,10326.76
27 02 2018,10321,10870,10121,10569.04
26 02 2018,9590,10444.32,9350,10324
25 02 2018,9694.51,9847,9274.8,9590
24 02 2018,10131.04,10496.97,9352,9694.51
23 02 2018,9815.55,10435,9570.19,10131.04
22 02 2018,10439.02,10933.44,9679,9811.04
21 02 2018,11195.07,11304.03,10200,10437.6
20 02 2018,11147.11,11786.01,11100.59,11200.99
19 02 2018,10375.01,11250,10270.33,11153
18 02 2018,11039.55,11274,10080,10383.43
17 02 2018,10156.07,11075.07,10050,11039.55
16 02 2018,10000.89,10323.37,9666,10159.98
15 02 2018,9449.98,10219.5,9301.5,10000.09
14 02 2018,8535.17,9489.6,8533,9449.99
13 02 2018,8903,8950,8351,8539.9
12 02 2018,8063.82,8989,8053,8903
11 02 2018,8533.99,8549,7726.53,8063.88
10 02 2018,8683.93,9065.78,8120,8533.98
9 02 2018,7789.9,8738,7789.9,8683.92
8 02 2018,7599,7844,7572.09,7784.02
7 02 2018,7655.02,8476,7150.01,7599
6 02 2018,6939.63,7878,6000.01,7652.14
5 02 2018,8179.99,8382.8,6625,6939.99
4 02 2018,9199.96,9368,7930,8184.81
3 02 2018,8873.03,9473.01,8229,9199.96
2 02 2018,9224.52,9250,8010.02,8873.03
1 02 2018,10285.1,10335,8750.99,9224.52
31 01 2018,10230,10425.85,9700,10285.1
30 01 2018,11250.11,11308.42,9900,10237.51
29 01 2018,11879.95,11975.02,11139.55,11251
28 01 2018,11499.98,12244,11408,11879.95
27 01 2018,11089,11650,10842.69,11491
26 01 2018,11184.7,11643,10311.15,11089
25 01 2018,11349.96,11794.05,10950.21,11175.27
24 01 2018,10799.14,11570.48,10500,11349.99
23 01 2018,10760.05,11399,9905,10799.18
22 01 2018,11530,11926.35,9900.24,10760.05
21 01 2018,12799.8,12799.8,10965,11530
20 01 2018,11474.98,13099,11412.45,12799.94
19 01 2018,10960,11795,10360,11474.98
18 01 2018,10972.59,11878.82,10435.33,10961.97
17 01 2018,10899.99,11680.99,9037.94,10988.79
16 01 2018,13500,13542.93,9035,10900
15 01 2018,13477.98,14249.99,13147.79,13539.93
14 01 2018,14210,14339.5,12569.2,13474.99
13 01 2018,13749.95,14580,13706.15,14210
12 01 2018,13238.76,14109.78,12500,13740.01
11 01 2018,14940,14968.68,11400,13238.78
10 01 2018,14401,14955.66,13131.31,14907.09
9 01 2018,14902.54,15500,14011.05,14400
8 01 2018,16218.85,16322.3,12812,14902.54
7 01 2018,17069.79,17099.96,15610,16150.03
6 01 2018,16960.39,17143.13,16011.21,17069.79
5 01 2018,15059.56,17176.24,14600,16960.39
4 01 2018,14919.51,15280,13918.04,15059.54
3 01 2018,14690,15307.56,14150,14919.51
2 01 2018,13382.16,15473.49,12890.02,14675.11
1 01 2018,13715.65,13818.55,12750,13380
31 12 2017,12345.1,14050.11,12149.98,13716.36
30 12 2017,14378.99,14398.85,11750,12440.01
29 12 2017,14199.14,14981,13850,14378.9
28 12 2017,15459.97,15539.99,13150,14182.11
27 12 2017,15709.98,16498.05,14200.15,15459.99
26 12 2017,13699.34,16050,13533,15689.01
25 12 2017,13500,14300,12708,13699.34
24 12 2017,13300,13819.99,11640,13500
23 12 2017,13326.61,14950,12978.18,13300
22 12 2017,15514.03,15699.34,10961,13326.61
21 12 2017,16480.52,17309.5,14022,15492.64
20 12 2017,17295.2,17720.35,14777.66,16488.98
19 12 2017,18856.25,18950,16300,17295.2
18 12 2017,18860.04,19300,17029.98,18856.25
